--------------------------------------------------------
--  File created - Wednesday-February-08-2023   
--------------------------------------------------------
--------------------------------------------------------
--  DDL for Sequence HIBERNATE_SEQUENCE
--------------------------------------------------------

   CREATE SEQUENCE  "EFDMS_DB"."HIBERNATE_SEQUENCE"  MINVALUE 1 MAXVALUE 9999999999999999999999999999 INCREMENT BY 1 START WITH 281 CACHE 20 NOORDER  NOCYCLE  NOKEEP  NOSCALE  GLOBAL ;
--------------------------------------------------------
--  DDL for Sequence ID_SEQ
--------------------------------------------------------

   CREATE SEQUENCE  "EFDMS_DB"."ID_SEQ"  MINVALUE 1 MAXVALUE 9999999999999999999999999999 INCREMENT BY 50 START WITH 8001 CACHE 20 NOORDER  NOCYCLE  NOKEEP  NOSCALE  GLOBAL ;
--------------------------------------------------------
--  DDL for Sequence RT_SEQ
--------------------------------------------------------

   CREATE SEQUENCE  "EFDMS_DB"."RT_SEQ"  MINVALUE 1 MAXVALUE 9999999999999999999999999999 INCREMENT BY 50 START WITH 14001 CACHE 20 NOORDER  NOCYCLE  NOKEEP  NOSCALE  GLOBAL ;
--------------------------------------------------------
--  DDL for Sequence VENDER_ID_SEQ
--------------------------------------------------------

   CREATE SEQUENCE  "EFDMS_DB"."VENDER_ID_SEQ"  MINVALUE 1 MAXVALUE 9999999999999999999999999999 INCREMENT BY 50 START WITH 1 CACHE 20 NOORDER  NOCYCLE  NOKEEP  NOSCALE  GLOBAL ;
--------------------------------------------------------
--  DDL for Table REFRESHTOKEN
--------------------------------------------------------

  CREATE TABLE "EFDMS_DB"."REFRESHTOKEN" 
   (	"ID" NUMBER(19,0), 
	"EXPIRY_DATE" TIMESTAMP (6), 
	"TOKEN" VARCHAR2(255 CHAR), 
	"USER_ID" NUMBER(19,0)
   ) SEGMENT CREATION IMMEDIATE 
  PCTFREE 10 PCTUSED 40 INITRANS 1 MAXTRANS 255 
 NOCOMPRESS LOGGING
  STORAGE(INITIAL 65536 NEXT 1048576 MINEXTENTS 1 MAXEXTENTS 2147483645
  PCTINCREASE 0 FREELISTS 1 FREELIST GROUPS 1
  BUFFER_POOL DEFAULT FLASH_CACHE DEFAULT CELL_FLASH_CACHE DEFAULT)
  TABLESPACE "EFDMS_DB" ;
--------------------------------------------------------
--  DDL for Table ROLES
--------------------------------------------------------

  CREATE TABLE "EFDMS_DB"."ROLES" 
   (	"ID" NUMBER(10,0), 
	"CREATED_DATE" TIMESTAMP (6), 
	"NAME" VARCHAR2(255 CHAR), 
	"UPDATED_DATE" TIMESTAMP (6)
   ) SEGMENT CREATION IMMEDIATE 
  PCTFREE 10 PCTUSED 40 INITRANS 1 MAXTRANS 255 
 NOCOMPRESS LOGGING
  STORAGE(INITIAL 65536 NEXT 1048576 MINEXTENTS 1 MAXEXTENTS 2147483645
  PCTINCREASE 0 FREELISTS 1 FREELIST GROUPS 1
  BUFFER_POOL DEFAULT FLASH_CACHE DEFAULT CELL_FLASH_CACHE DEFAULT)
  TABLESPACE "EFDMS_DB" ;
--------------------------------------------------------
--  DDL for Table R_CIRCLE
--------------------------------------------------------

  CREATE TABLE "EFDMS_DB"."R_CIRCLE" 
   (	"CIRCLE_ID" NUMBER(3,0), 
	"CIRCLE_NAME_EN" VARCHAR2(100 BYTE), 
	"CIRCLE_CODE" VARCHAR2(20 BYTE), 
	"CREATE_USER_ACCOUNT_ID" NUMBER(9,0), 
	"UPDATE_USER_ACCOUNT_ID" NUMBER(9,0), 
	"CREATE_DATE" DATE, 
	"UPDATE_DATE" DATE, 
	"VERSION_NO" NUMBER(4,0), 
	"REFERENCE_STATUS_ID" NUMBER(3,0), 
	"UUID" VARCHAR2(36 CHAR)
   ) SEGMENT CREATION DEFERRED 
  PCTFREE 10 PCTUSED 40 INITRANS 1 MAXTRANS 255 
 NOCOMPRESS LOGGING
  TABLESPACE "EFDMS_DB" ;
--------------------------------------------------------
--  DDL for Table R_COMMISSION
--------------------------------------------------------

  CREATE TABLE "EFDMS_DB"."R_COMMISSION" 
   (	"COMMISSION_ID" NUMBER(3,0), 
	"COMMISSION_NAME_EN" VARCHAR2(100 BYTE), 
	"COMMISSION_CODE" VARCHAR2(20 BYTE), 
	"CREATE_USER_ACCOUNT_ID" NUMBER(9,0), 
	"UPDATE_USER_ACCOUNT_ID" NUMBER(9,0), 
	"CREATE_DATE" DATE, 
	"UPDATE_DATE" DATE, 
	"VERSION_NO" NUMBER(4,0), 
	"REFERENCE_STATUS_ID" NUMBER(3,0), 
	"UUID" VARCHAR2(36 CHAR)
   ) SEGMENT CREATION DEFERRED 
  PCTFREE 10 PCTUSED 40 INITRANS 1 MAXTRANS 255 
 NOCOMPRESS LOGGING
  TABLESPACE "EFDMS_DB" ;
--------------------------------------------------------
--  DDL for Table R_DEVICE_TYPE
--------------------------------------------------------

  CREATE TABLE "EFDMS_DB"."R_DEVICE_TYPE" 
   (	"DEVICE_TYPE_ID" NUMBER(3,0), 
	"DEVICE_TYPE" VARCHAR2(100 BYTE), 
	"CREATE_USER_ACCOUNT_ID" NUMBER(9,0),
	"UPDATE_USER_ACCOUNT_ID" NUMBER(9,0), 
	"CREATE_DATE" DATE, 
	"UPDATE_DATE" DATE, 
	"VERSION_NO" NUMBER(4,0), 
	"REFERENCE_STATUS_ID" NUMBER(3,0), 
	"UUID" VARCHAR2(36 CHAR)
   ) SEGMENT CREATION IMMEDIATE 
  PCTFREE 10 PCTUSED 40 INITRANS 1 MAXTRANS 255 
 NOCOMPRESS LOGGING
  STORAGE(INITIAL 65536 NEXT 1048576 MINEXTENTS 1 MAXEXTENTS 2147483645
  PCTINCREASE 0 FREELISTS 1 FREELIST GROUPS 1
  BUFFER_POOL DEFAULT FLASH_CACHE DEFAULT CELL_FLASH_CACHE DEFAULT)
  TABLESPACE "EFDMS_DB" ;
--------------------------------------------------------
--  DDL for Table R_DIVISION
--------------------------------------------------------

  CREATE TABLE "EFDMS_DB"."R_DIVISION" 
   (	"DIVISION_ID" NUMBER(3,0), 
	"DIVISION_NAME_EN" VARCHAR2(100 BYTE), 
	"DIVISION_CODE" VARCHAR2(20 BYTE), 
	"CREATE_USER_ACCOUNT_ID" NUMBER(9,0), 
	"UPDATE_USER_ACCOUNT_ID" NUMBER(9,0), 
	"CREATE_DATE" DATE, 
	"UPDATE_DATE" DATE, 
	"VERSION_NO" NUMBER(4,0), 
	"REFERENCE_STATUS_ID" NUMBER(3,0), 
	"UUID" VARCHAR2(36 CHAR)
   ) SEGMENT CREATION DEFERRED 
  PCTFREE 10 PCTUSED 40 INITRANS 1 MAXTRANS 255 
 NOCOMPRESS LOGGING
  TABLESPACE "EFDMS_DB" ;
--------------------------------------------------------
--  DDL for Table R_DOCUMENT_STATUS
--------------------------------------------------------

  CREATE TABLE "EFDMS_DB"."R_DOCUMENT_STATUS" 
   (	"DOCUMENT_STATUS_ID" NUMBER(3,0), 
	"DOCUMENT_STATUS_NAME_EN" VARCHAR2(200 BYTE), 
	"DOCUMENT_STATUS_NAME_BN" NVARCHAR2(400), 
	"CREATE_USER_ACCOUNT_ID" NUMBER(9,0), 
	"UPDATE_USER_ACCOUNT_ID" NUMBER(9,0), 
	"CREATE_DATE" DATE, 
	"UPDATE_DATE" DATE, 
	"VERSION_NO" NUMBER(4,0), 
	"REFERENCE_STATUS_ID" NUMBER(3,0), 
	"UUID" VARCHAR2(36 CHAR)
   ) SEGMENT CREATION IMMEDIATE 
  PCTFREE 10 PCTUSED 40 INITRANS 1 MAXTRANS 255 
 NOCOMPRESS LOGGING
  STORAGE(INITIAL 65536 NEXT 1048576 MINEXTENTS 1 MAXEXTENTS 2147483645
  PCTINCREASE 0 FREELISTS 1 FREELIST GROUPS 1
  BUFFER_POOL DEFAULT FLASH_CACHE DEFAULT CELL_FLASH_CACHE DEFAULT)
  TABLESPACE "EFDMS_DB" ;
--------------------------------------------------------
--  DDL for Table R_OFFICE
--------------------------------------------------------

  CREATE TABLE "EFDMS_DB"."R_OFFICE" 
   (	"OFFICE_ID" NUMBER(18,0), 
	"OFFICE_NAME_EN" VARCHAR2(200 BYTE), 
	"OFFICE_NAME_BN" NVARCHAR2(400), 
	"OFFICE_CODE" NVARCHAR2(20), 
	"OFFICE_TYPE_ID" NUMBER(18,0), 
	"PARENT_OFFICE_ID" NUMBER(18,0), 
	"CREATE_USER_ACCOUNT_ID" NUMBER(9,0), 
	"UPDATE_USER_ACCOUNT_ID" NUMBER(9,0), 
	"CREATE_DATE" DATE, 
	"UPDATE_DATE" DATE, 
	"VERSION_NO" NUMBER(4,0), 
	"REFERENCE_STATUS_ID" NUMBER(3,0), 
	"UUID" VARCHAR2(36 CHAR)
   ) SEGMENT CREATION IMMEDIATE 
  PCTFREE 10 PCTUSED 40 INITRANS 1 MAXTRANS 255 
 NOCOMPRESS LOGGING
  STORAGE(INITIAL 65536 NEXT 1048576 MINEXTENTS 1 MAXEXTENTS 2147483645
  PCTINCREASE 0 FREELISTS 1 FREELIST GROUPS 1
  BUFFER_POOL DEFAULT FLASH_CACHE DEFAULT CELL_FLASH_CACHE DEFAULT)
  TABLESPACE "EFDMS_DB" ;
--------------------------------------------------------
--  DDL for Table R_OFFICE_TYPE
--------------------------------------------------------

  CREATE TABLE "EFDMS_DB"."R_OFFICE_TYPE" 
   (	"OFFICE_TYPE_ID" NUMBER(18,0), 
	"OFFICE_TYPE_NAME_EN" VARCHAR2(200 BYTE), 
	"OFFICE_TYPE_NAME_BN" NVARCHAR2(400), 
	"CREATE_USER_ACCOUNT_ID" NUMBER(9,0), 
	"UPDATE_USER_ACCOUNT_ID" NUMBER(9,0), 
	"CREATE_DATE" DATE, 
	"UPDATE_DATE" DATE, 
	"VERSION_NO" NUMBER(4,0), 
	"REFERENCE_STATUS_ID" NUMBER(3,0), 
	"UUID" VARCHAR2(36 CHAR)
   ) SEGMENT CREATION IMMEDIATE 
  PCTFREE 10 PCTUSED 40 INITRANS 1 MAXTRANS 255 
 NOCOMPRESS LOGGING
  STORAGE(INITIAL 65536 NEXT 1048576 MINEXTENTS 1 MAXEXTENTS 2147483645
  PCTINCREASE 0 FREELISTS 1 FREELIST GROUPS 1
  BUFFER_POOL DEFAULT FLASH_CACHE DEFAULT CELL_FLASH_CACHE DEFAULT)
  TABLESPACE "EFDMS_DB" ;
--------------------------------------------------------
--  DDL for Table R_OUTLET
--------------------------------------------------------

  CREATE TABLE "EFDMS_DB"."R_OUTLET" 
   (	"OUTLET_ID" NUMBER(18,0), 
	"TAXPAYER_ID" NUMBER(18,0), 
	"OFFICE_ID" NUMBER(18,0), 
	"OUTLET_NAME_EN" VARCHAR2(200 BYTE), 
	"OUTLET_NAME_BN" VARCHAR2(400 BYTE), 
	"OUTLET_CODE" VARCHAR2(10 BYTE), 
	"DISTRICT" VARCHAR2(150 BYTE), 
	"THANA" VARCHAR2(150 BYTE), 
	"CITY" VARCHAR2(150 BYTE), 
	"AREA_MARKET" VARCHAR2(250 BYTE), 
	"ADDRESSLINE1" VARCHAR2(250 BYTE), 
	"ADDRESSLINE2" VARCHAR2(250 BYTE), 
	"LATTITUDE" VARCHAR2(8 BYTE), 
	"LONGITUDE" VARCHAR2(8 BYTE), 
	"WEEKEND" NUMBER(1,0), 
	"MOBILE" NUMBER(11,0), 
	"PHONE" NUMBER(11,0), 
	"OPENINGTIME" VARCHAR2(5 BYTE), 
	"CLOSINGTIME" VARCHAR2(5 BYTE), 
	"CREATE_USER_ACCOUNT_ID" NUMBER(9,0), 
	"UPDATE_USER_ACCOUNT_ID" NUMBER(9,0), 
	"CREATE_DATE" DATE, 
	"UPDATE_DATE" DATE, 
	"VERSION_NO" NUMBER(4,0), 
	"REFERENCE_STATUS_ID" NUMBER(3,0), 
	"UUID" VARCHAR2(36 CHAR)
   ) SEGMENT CREATION DEFERRED 
  PCTFREE 10 PCTUSED 40 INITRANS 1 MAXTRANS 255 
 NOCOMPRESS LOGGING
  TABLESPACE "EFDMS_DB" ;
--------------------------------------------------------
--  DDL for Table R_REFERENCE_STATUS
--------------------------------------------------------

  CREATE TABLE "EFDMS_DB"."R_REFERENCE_STATUS" 
   (	"REFERENCE_STATUS_ID" NUMBER(3,0), 
	"REFERENCE_NAME_EN" VARCHAR2(250 BYTE), 
	"REFERENCE_NAME_BN" NVARCHAR2(400), 
	"REFERENCE_DESC" NVARCHAR2(500), 
	"CREATE_USER_ACCOUNT_ID" NUMBER(9,0), 
	"CREATE_DATE" DATE DEFAULT SYSDATE, 
	"UPDATE_USER_ACCOUNT_ID" NUMBER(9,0), 
	"UPDATE_DATE" DATE, 
	"VERSION_NO" NUMBER(4,0), 
	"UUID" VARCHAR2(36 CHAR)
   ) SEGMENT CREATION IMMEDIATE 
  PCTFREE 10 PCTUSED 40 INITRANS 1 MAXTRANS 255 
 NOCOMPRESS LOGGING
  STORAGE(INITIAL 65536 NEXT 1048576 MINEXTENTS 1 MAXEXTENTS 2147483645
  PCTINCREASE 0 FREELISTS 1 FREELIST GROUPS 1
  BUFFER_POOL DEFAULT FLASH_CACHE DEFAULT CELL_FLASH_CACHE DEFAULT)
  TABLESPACE "EFDMS_DB" ;
--------------------------------------------------------
--  DDL for Table R_REGISTRATION_TYPE
--------------------------------------------------------

  CREATE TABLE "EFDMS_DB"."R_REGISTRATION_TYPE" 
   (	"REGISTRATION_TYPE_ID" NUMBER(18,0), 
	"REGISTRATION_TYPE_NAME_EN" VARCHAR2(200 BYTE), 
	"REGISTRATION_TYPE_NAME_BN" NVARCHAR2(400), 
	"REMARKS" NVARCHAR2(500), 
	"CREATE_USER_ACCOUNT_ID" NUMBER(9,0), 
	"UPDATE_USER_ACCOUNT_ID" NUMBER(9,0), 
	"CREATE_DATE" DATE, 
	"UPDATE_DATE" DATE, 
	"VERSION_NO" NUMBER(4,0), 
	"REFERENCE_STATUS_ID" NUMBER(3,0), 
	"UUID" VARCHAR2(36 CHAR)
   ) SEGMENT CREATION DEFERRED 
  PCTFREE 10 PCTUSED 40 INITRANS 1 MAXTRANS 255 
 NOCOMPRESS LOGGING
  TABLESPACE "EFDMS_DB" ;
--------------------------------------------------------
--  DDL for Table R_SECTOR
--------------------------------------------------------

  CREATE TABLE "EFDMS_DB"."R_SECTOR" 
   (	"SECTOR_ID" NUMBER(18,0), 
	"PARENT_SECTOR_ID" NUMBER(18,0), 
	"SECTOR_NAME_EN" VARCHAR2(200 BYTE), 
	"SECTOR_NAME_BN" NVARCHAR2(400), 
	"REMARKS" NVARCHAR2(500), 
	"CREATE_USER_ACCOUNT_ID" NUMBER(9,0), 
	"UPDATE_USER_ACCOUNT_ID" NUMBER(9,0), 
	"CREATE_DATE" DATE, 
	"UPDATE_DATE" DATE, 
	"VERSION_NO" NUMBER(4,0), 
	"REFERENCE_STATUS_ID" NUMBER(3,0), 
	"UUID" VARCHAR2(36 CHAR)
   ) SEGMENT CREATION DEFERRED 
  PCTFREE 10 PCTUSED 40 INITRANS 1 MAXTRANS 255 
 NOCOMPRESS LOGGING
  TABLESPACE "EFDMS_DB" ;
--------------------------------------------------------
--  DDL for Table R_STORE
--------------------------------------------------------

  CREATE TABLE "EFDMS_DB"."R_STORE" 
   (	"STORE_ID" NUMBER(18,0), 
	"WAREHOUSE_ID" NUMBER(18,0), 
	"STORE_NAME_EN" VARCHAR2(200 BYTE), 
	"STORE_NAME_BN" NVARCHAR2(400), 
	"STORE_LOCATION" VARCHAR2(20 BYTE), 
	"SEND_BACK_REASON" NVARCHAR2(500), 
	"REFERENCE_STATUS_ID" NUMBER(3,0), 
	"CREATE_USER_ACCOUNT_ID" NUMBER(9,0), 
	"UPDATE_USER_ACCOUNT_ID" NUMBER(9,0), 
	"CREATE_DATE" DATE, 
	"UPDATE_DATE" DATE, 
	"VERSION_NO" NUMBER(4,0), 
	"UUID" VARCHAR2(36 CHAR)
   ) SEGMENT CREATION IMMEDIATE 
  PCTFREE 10 PCTUSED 40 INITRANS 1 MAXTRANS 255 
 NOCOMPRESS LOGGING
  STORAGE(INITIAL 65536 NEXT 1048576 MINEXTENTS 1 MAXEXTENTS 2147483645
  PCTINCREASE 0 FREELISTS 1 FREELIST GROUPS 1
  BUFFER_POOL DEFAULT FLASH_CACHE DEFAULT CELL_FLASH_CACHE DEFAULT)
  TABLESPACE "EFDMS_DB" ;
--------------------------------------------------------
--  DDL for Table R_TAXPAYER_TYPE
--------------------------------------------------------

  CREATE TABLE "EFDMS_DB"."R_TAXPAYER_TYPE" 
   (	"TAXPAYER_TYPE_ID" NUMBER(18,0), 
	"TAXPAYER_TYPE_NAME_EN" VARCHAR2(200 BYTE), 
	"TAXPAYER_TYPE_NAME_BN" NVARCHAR2(400), 
	"CREATE_USER_ACCOUNT_ID" NUMBER(9,0), 
	"UPDATE_USER_ACCOUNT_ID" NUMBER(9,0), 
	"CREATE_DATE" DATE, 
	"UPDATE_DATE" DATE, 
	"VERSION_NO" NUMBER(4,0), 
	"REFERENCE_STATUS_ID" NUMBER(3,0), 
	"UUID" VARCHAR2(36 CHAR)
   ) SEGMENT CREATION DEFERRED 
  PCTFREE 10 PCTUSED 40 INITRANS 1 MAXTRANS 255 
 NOCOMPRESS LOGGING
  TABLESPACE "EFDMS_DB" ;
--------------------------------------------------------
--  DDL for Table R_TAX_TYPE
--------------------------------------------------------

  CREATE TABLE "EFDMS_DB"."R_TAX_TYPE" 
   (	"TAX_TYPE_ID" NUMBER(18,0), 
	"TAX_TYPE_NAME_EN" VARCHAR2(200 BYTE), 
	"TAX_TYPE_NAME_BN" NVARCHAR2(400), 
	"CREATE_USER_ACCOUNT_ID" NUMBER(9,0), 
	"UPDATE_USER_ACCOUNT_ID" NUMBER(9,0), 
	"CREATE_DATE" DATE, 
	"UPDATE_DATE" DATE, 
	"VERSION_NO" NUMBER(4,0), 
	"REFERENCE_STATUS_ID" NUMBER(3,0), 
	"UUID" VARCHAR2(36 CHAR)
   ) SEGMENT CREATION DEFERRED 
  PCTFREE 10 PCTUSED 40 INITRANS 1 MAXTRANS 255 
 NOCOMPRESS LOGGING
  TABLESPACE "EFDMS_DB" ;
--------------------------------------------------------
--  DDL for Table R_VENDOR
--------------------------------------------------------

  CREATE TABLE "EFDMS_DB"."R_VENDOR" 
   (	"VENDOR_ID" NUMBER(18,0), 
	"VENDOR_NAME_EN" VARCHAR2(200 BYTE), 
	"VENDOR_NAME_BN" NVARCHAR2(400), 
	"VENDOR_TIN" VARCHAR2(20 BYTE), 
	"VENDOR_BIN" VARCHAR2(20 BYTE), 
	"CONTACT_NAME" VARCHAR2(100 BYTE), 
	"CONTACT_MOBILE" VARCHAR2(11 BYTE), 
	"CONTACT_EMAIL" VARCHAR2(100 BYTE), 
	"SEND_BACK_REASON" NVARCHAR2(500), 
	"CREATE_USER_ACCOUNT_ID" NUMBER(9,0), 
	"UPDATE_USER_ACCOUNT_ID" NUMBER(9,0), 
	"CREATE_DATE" DATE, 
	"UPDATE_DATE" DATE, 
	"VERSION_NO" NUMBER(4,0), 
	"REFERENCE_STATUS_ID" NUMBER(3,0), 
	"UUID" VARCHAR2(36 CHAR)
   ) SEGMENT CREATION IMMEDIATE 
  PCTFREE 10 PCTUSED 40 INITRANS 1 MAXTRANS 255 
 NOCOMPRESS LOGGING
  STORAGE(INITIAL 65536 NEXT 1048576 MINEXTENTS 1 MAXEXTENTS 2147483645
  PCTINCREASE 0 FREELISTS 1 FREELIST GROUPS 1
  BUFFER_POOL DEFAULT FLASH_CACHE DEFAULT CELL_FLASH_CACHE DEFAULT)
  TABLESPACE "EFDMS_DB" ;
--------------------------------------------------------
--  DDL for Table R_WAREHOUSE
--------------------------------------------------------

  CREATE TABLE "EFDMS_DB"."R_WAREHOUSE" 
   (	"WAREHOUSE_ID" NUMBER(18,0), 
	"VENDOR_ID" NUMBER(18,0), 
	"WAREHOUSE_NAME_EN" VARCHAR2(200 BYTE), 
	"WAREHOUSE_NAME_BN" NVARCHAR2(400), 
	"WAREHOUSE_LOCATION" VARCHAR2(20 BYTE), 
	"SEND_BACK_REASON" NVARCHAR2(500), 
	"REFERENCE_STATUS_ID" NUMBER(3,0), 
	"CREATE_USER_ACCOUNT_ID" NUMBER(9,0), 
	"UPDATE_USER_ACCOUNT_ID" NUMBER(9,0), 
	"CREATE_DATE" DATE, 
	"UPDATE_DATE" DATE, 
	"VERSION_NO" NUMBER(4,0), 
	"UUID" VARCHAR2(36 CHAR)
   ) SEGMENT CREATION IMMEDIATE 
  PCTFREE 10 PCTUSED 40 INITRANS 1 MAXTRANS 255 
 NOCOMPRESS LOGGING
  STORAGE(INITIAL 65536 NEXT 1048576 MINEXTENTS 1 MAXEXTENTS 2147483645
  PCTINCREASE 0 FREELISTS 1 FREELIST GROUPS 1
  BUFFER_POOL DEFAULT FLASH_CACHE DEFAULT CELL_FLASH_CACHE DEFAULT)
  TABLESPACE "EFDMS_DB" ;
--------------------------------------------------------
--  DDL for Table S_ROLES
--------------------------------------------------------

  CREATE TABLE "EFDMS_DB"."S_ROLES" 
   (	"ROLE_ID" NUMBER(10,0), 
	"NAME" VARCHAR2(255 CHAR), 
	"CREATED_DATE" TIMESTAMP (6), 
	"UPDATED_DATE" TIMESTAMP (6)
   ) SEGMENT CREATION DEFERRED 
  PCTFREE 10 PCTUSED 40 INITRANS 1 MAXTRANS 255 
 NOCOMPRESS LOGGING
  TABLESPACE "EFDMS_DB" ;
--------------------------------------------------------
--  DDL for Table S_USERS
--------------------------------------------------------

  CREATE TABLE "EFDMS_DB"."S_USERS" 
   (	"USER_ID" NUMBER(10,0), 
	"USERNAME" VARCHAR2(255 CHAR), 
	"NAME" VARCHAR2(255 CHAR), 
	"EMAIL" VARCHAR2(255 CHAR), 
	"PASSWORD" VARCHAR2(255 CHAR), 
	"ENABLED" NUMBER(1,0), 
	"IS_OTP" VARCHAR2(1 BYTE), 
	"CREATED_DATE" TIMESTAMP (6), 
	"UPDATED_DATE" TIMESTAMP (6)
   ) SEGMENT CREATION DEFERRED 
  PCTFREE 10 PCTUSED 40 INITRANS 1 MAXTRANS 255 
 NOCOMPRESS LOGGING
  TABLESPACE "EFDMS_DB" ;
--------------------------------------------------------
--  DDL for Table TBLPRODUCT
--------------------------------------------------------

  CREATE TABLE "EFDMS_DB"."TBLPRODUCT" 
   (	"ID" NUMBER GENERATED ALWAYS AS IDENTITY MINVALUE 1 MAXVALUE 9999999999999999999999999999 INCREMENT BY 1 START WITH 1 CACHE 20 NOORDER  NOCYCLE  NOKEEP  NOSCALE , 
	"PRODUCT" VARCHAR2(10 BYTE), 
	"PRICE" NUMBER(*,0)
   ) SEGMENT CREATION IMMEDIATE 
  PCTFREE 10 PCTUSED 40 INITRANS 1 MAXTRANS 255 
 NOCOMPRESS LOGGING
  STORAGE(INITIAL 65536 NEXT 1048576 MINEXTENTS 1 MAXEXTENTS 2147483645
  PCTINCREASE 0 FREELISTS 1 FREELIST GROUPS 1
  BUFFER_POOL DEFAULT FLASH_CACHE DEFAULT CELL_FLASH_CACHE DEFAULT)
  TABLESPACE "EFDMS_DB" ;
--------------------------------------------------------
--  DDL for Table TBLSTORE
--------------------------------------------------------

  CREATE TABLE "EFDMS_DB"."TBLSTORE" 
   (	"STOREID" NUMBER GENERATED ALWAYS AS IDENTITY MINVALUE 1 MAXVALUE 9999999999999999999999999999 INCREMENT BY 1 START WITH 1 CACHE 20 NOORDER  NOCYCLE  NOKEEP  NOSCALE , 
	"STORE" VARCHAR2(10 BYTE), 
	"PRODUCT" VARCHAR2(10 BYTE), 
	"QUANTITY" NUMBER
   ) SEGMENT CREATION IMMEDIATE 
  PCTFREE 10 PCTUSED 40 INITRANS 1 MAXTRANS 255 
 NOCOMPRESS LOGGING
  STORAGE(INITIAL 65536 NEXT 1048576 MINEXTENTS 1 MAXEXTENTS 2147483645
  PCTINCREASE 0 FREELISTS 1 FREELIST GROUPS 1
  BUFFER_POOL DEFAULT FLASH_CACHE DEFAULT CELL_FLASH_CACHE DEFAULT)
  TABLESPACE "EFDMS_DB" ;
--------------------------------------------------------
--  DDL for Table T_DEVICE
--------------------------------------------------------

  CREATE TABLE "EFDMS_DB"."T_DEVICE" 
   (	"DEVICE_ID" NUMBER(18,0), 
	"DEVICE_NUMBER" NUMBER(18,0), 
	"DEVICE_TYPE_ID" NUMBER(3,0), 
	"DEVICE_MODEL" VARCHAR2(100 BYTE), 
	"DEVICE_BRAND" VARCHAR2(100 BYTE), 
	"DEVICE_MANUFACTURER" VARCHAR2(500 BYTE), 
	"STORE_ID" NUMBER(18,0), 
	"IS_ACTIVATED" VARCHAR2(1 BYTE), 
	"IS_INITIATED" VARCHAR2(1 BYTE), 
	"IS_LOCKED" VARCHAR2(1 BYTE), 
	"DOCUMENT_STATUS_ID" NUMBER(3,0), 
	"CREATE_USER_ACCOUNT_ID" NUMBER(9,0), 
	"UPDATE_USER_ACCOUNT_ID" NUMBER(9,0), 
	"CREATE_DATE" DATE, 
	"UPDATE_DATE" DATE, 
	"VERSION_NO" NUMBER(4,0), 
	"UUID" VARCHAR2(36 CHAR)
   ) SEGMENT CREATION IMMEDIATE 
  PCTFREE 10 PCTUSED 40 INITRANS 1 MAXTRANS 255 
 NOCOMPRESS LOGGING
  STORAGE(INITIAL 65536 NEXT 1048576 MINEXTENTS 1 MAXEXTENTS 2147483645
  PCTINCREASE 0 FREELISTS 1 FREELIST GROUPS 1
  BUFFER_POOL DEFAULT FLASH_CACHE DEFAULT CELL_FLASH_CACHE DEFAULT)
  TABLESPACE "EFDMS_DB" ;
--------------------------------------------------------
--  DDL for Table T_DEVICE_TRANSACTION
--------------------------------------------------------

  CREATE TABLE "EFDMS_DB"."T_DEVICE_TRANSACTION" 
   (	"DEVICE_TRANSACTION_ID" NUMBER(18,0), 
	"STORE_TO" NUMBER(18,0), 
	"STORE_FROM" NUMBER(18,0), 
	"SHIP_IN" VARCHAR2(100 BYTE), 
	"SHIPPING_ID" NUMBER(18,0), 
	"DEVICE_ID" NUMBER(18,0), 
	"DOCUMENT_STATUS_ID" NUMBER(3,0), 
	"CREATE_USER_ACCOUNT_ID" NUMBER(9,0), 
	"UPDATE_USER_ACCOUNT_ID" NUMBER(9,0), 
	"CREATE_DATE" DATE, 
	"UPDATE_DATE" DATE, 
	"VERSION_NO" NUMBER(4,0), 
	"UUID" VARCHAR2(36 CHAR)
   ) SEGMENT CREATION DEFERRED 
  PCTFREE 10 PCTUSED 40 INITRANS 1 MAXTRANS 255 
 NOCOMPRESS LOGGING
  TABLESPACE "EFDMS_DB" ;
--------------------------------------------------------
--  DDL for Table T_RULE
--------------------------------------------------------

  CREATE TABLE "EFDMS_DB"."T_RULE" 
   (	"RULE_ID" NUMBER(18,0), 
	"RULE_NAME_EN" VARCHAR2(200 BYTE), 
	"RULE_NAME_BN" NVARCHAR2(400), 
	"RULE_DESC" NVARCHAR2(600), 
	"EFFECTIVE_FROM" DATE, 
	"SEND_BACK_REASON" NVARCHAR2(500), 
	"DOCUMENT_STATUS_ID" NUMBER(3,0), 
	"CREATE_USER_ACCOUNT_ID" NUMBER(9,0), 
	"UPDATE_USER_ACCOUNT_ID" NUMBER(9,0), 
	"CREATE_DATE" DATE, 
	"UPDATE_DATE" DATE, 
	"VERSION_NO" NUMBER(4,0), 
	"UUID" VARCHAR2(36 CHAR)
   ) SEGMENT CREATION DEFERRED 
  PCTFREE 10 PCTUSED 40 INITRANS 1 MAXTRANS 255 
 NOCOMPRESS LOGGING
  TABLESPACE "EFDMS_DB" ;
--------------------------------------------------------
--  DDL for Table T_SD_SERVICE_CATEGORY
--------------------------------------------------------

  CREATE TABLE "EFDMS_DB"."T_SD_SERVICE_CATEGORY" 
   (	"SD_SERVICE_CATEGORY_ID" NUMBER(18,0), 
	"SERVICE_NAME_EN" VARCHAR2(200 BYTE), 
	"SERVICE_NAME_BN" NVARCHAR2(400), 
	"SERVICE_CODE" NUMBER(2,2), 
	"SERIAL_NO" NUMBER(18,0), 
	"SD_TYPE_ID" NUMBER(18,0), 
	"SD_RATE" NUMBER(2,2), 
	"EFFECTIVE_FROM" DATE, 
	"UNTIL_DETAILS" VARCHAR2(500 BYTE), 
	"POLICY_DESCRIPTION" VARCHAR2(1000 BYTE), 
	"IS_LOCKED" NUMBER(1,0), 
	"SEND_BACK_REASON" NVARCHAR2(500), 
	"DOCUMENT_STATUS_ID" NUMBER(3,0), 
	"REFERENCE_STATUS_ID" NUMBER(3,0), 
	"CREATE_USER_ACCOUNT_ID" NUMBER(9,0), 
	"UPDATE_USER_ACCOUNT_ID" NUMBER(9,0), 
	"CREATE_DATE" DATE, 
	"UPDATE_DATE" DATE, 
	"VERSION_NO" NUMBER(4,0), 
	"UUID" VARCHAR2(36 CHAR)
   ) SEGMENT CREATION DEFERRED 
  PCTFREE 10 PCTUSED 40 INITRANS 1 MAXTRANS 255 
 NOCOMPRESS LOGGING
  TABLESPACE "EFDMS_DB" ;
--------------------------------------------------------
--  DDL for Table T_SD_TYPE
--------------------------------------------------------

  CREATE TABLE "EFDMS_DB"."T_SD_TYPE" 
   (	"SD_TYPE_ID" NUMBER(18,0), 
	"SD_TYPE_EN" VARCHAR2(200 BYTE), 
	"SD_TYPE_BN" NVARCHAR2(400), 
	"EFFECTIVE_FROM" DATE, 
	"SEND_BACK_REASON" NVARCHAR2(500), 
	"DOCUMENT_STATUS_ID" NUMBER(3,0), 
	"CREATE_USER_ACCOUNT_ID" NUMBER(9,0), 
	"UPDATE_USER_ACCOUNT_ID" NUMBER(9,0), 
	"CREATE_DATE" DATE, 
	"UPDATE_DATE" DATE, 
	"VERSION_NO" NUMBER(4,0), 
	"UUID" VARCHAR2(36 CHAR)
   ) SEGMENT CREATION DEFERRED 
  PCTFREE 10 PCTUSED 40 INITRANS 1 MAXTRANS 255 
 NOCOMPRESS LOGGING
  TABLESPACE "EFDMS_DB" ;
--------------------------------------------------------
--  DDL for Table T_SHIPPING
--------------------------------------------------------

  CREATE TABLE "EFDMS_DB"."T_SHIPPING" 
   (	"SHIPPING_ID" NUMBER(18,0), 
	"SHIPPING_NO" VARCHAR2(100 BYTE), 
	"DEVICE_TYPE_ID" NUMBER(3,0), 
	"DEVICE_MODEL" VARCHAR2(100 BYTE), 
	"DEVICE_BRAND" VARCHAR2(100 BYTE), 
	"DEVICE_QUANTITY" NUMBER(6,0), 
	"DEVICE_MANUFACTURER" VARCHAR2(500 BYTE), 
	"STORE_ID" NUMBER(18,0), 
	"DOCUMENT_STATUS_ID" NUMBER(3,0), 
	"CREATE_USER_ACCOUNT_ID" NUMBER(9,0), 
	"UPDATE_USER_ACCOUNT_ID" NUMBER(9,0), 
	"CREATE_DATE" DATE, 
	"UPDATE_DATE" DATE, 
	"VERSION_NO" NUMBER(4,0), 
	"UUID" VARCHAR2(36 CHAR)
   ) SEGMENT CREATION DEFERRED 
  PCTFREE 10 PCTUSED 40 INITRANS 1 MAXTRANS 255 
 NOCOMPRESS LOGGING
  TABLESPACE "EFDMS_DB" ;
--------------------------------------------------------
--  DDL for Table T_TAXPAYER
--------------------------------------------------------

  CREATE TABLE "EFDMS_DB"."T_TAXPAYER" 
   (	"TAXPAYER_ID" NUMBER(18,0), 
	"OFFICE_ID" NUMBER(18,0), 
	"TAXPAYER_NAME_EN" VARCHAR2(200 BYTE), 
	"TAXPAYER_NAME_BN" NVARCHAR2(400), 
	"TAXPAYER_BIN" VARCHAR2(20 BYTE), 
	"REGISTRATION_TYPE_ID" NUMBER(18,0), 
	"OWNERSHIP_TYPE" VARCHAR2(50 BYTE), 
	"DISTRICT" VARCHAR2(50 BYTE), 
	"THANA" VARCHAR2(50 BYTE), 
	"ADDRESS_LINE1" VARCHAR2(250 BYTE), 
	"ADDRESS_LINE2" VARCHAR2(250 BYTE), 
	"EMAIL" VARCHAR2(100 BYTE), 
	"MOBILE" VARCHAR2(11 BYTE), 
	"VAT_CALC" VARCHAR2(300 BYTE), 
	"ISCENTRALBIN" NUMBER(1,0), 
	"DOCUMENT_STATUS_ID" NUMBER(3,0), 
	"CREATE_USER_ACCOUNT_ID" NUMBER(9,0), 
	"UPDATE_USER_ACCOUNT_ID" NUMBER(9,0), 
	"CREATE_DATE" DATE, 
	"UPDATE_DATE" DATE, 
	"VERSION_NO" NUMBER(4,0), 
	"UUID" VARCHAR2(36 CHAR)
   ) SEGMENT CREATION DEFERRED 
  PCTFREE 10 PCTUSED 40 INITRANS 1 MAXTRANS 255 
 NOCOMPRESS LOGGING
  TABLESPACE "EFDMS_DB" ;
--------------------------------------------------------
--  DDL for Table T_TAXPAYER_DEVICE
--------------------------------------------------------

  CREATE TABLE "EFDMS_DB"."T_TAXPAYER_DEVICE" 
   (	"TAXPAYER_DEVICE_ID" NUMBER(18,0), 
	"DEVICE_ID" NUMBER(18,0), 
	"OUTLET_ID" NUMBER(18,0), 
	"OTP" NUMBER(4,0), 
	"PRIVATE_KEY" VARCHAR2(200 BYTE), 
	"IS_OTP_ACTIVATED" CHAR(1 BYTE), 
	"ACTIVATION_TIME" TIMESTAMP (6), 
	"IS_LOGIN_BLOCKED" CHAR(1 BYTE), 
	"IS_ITEM_LIST_CHANGE_LOCKED" CHAR(1 BYTE), 
	"IS_TRANSACTION_LOCKED" CHAR(1 BYTE), 
	"IS_UNOPERATIONAL" CHAR(1 BYTE), 
	"OPERATION_STATUS_CHANGE_TIME" TIMESTAMP (6), 
	"REMARKS" NVARCHAR2(600), 
	"DOCUMENT_STATUS_ID" NUMBER(3,0), 
	"CREATE_USER_ACCOUNT_ID" NUMBER(9,0), 
	"UPDATE_USER_ACCOUNT_ID" NUMBER(9,0), 
	"CREATE_DATE" DATE, 
	"UPDATE_DATE" DATE, 
	"VERSION_NO" NUMBER(4,0), 
	"UUID" VARCHAR2(36 CHAR)
   ) SEGMENT CREATION DEFERRED 
  PCTFREE 10 PCTUSED 40 INITRANS 1 MAXTRANS 255 
 NOCOMPRESS LOGGING
  TABLESPACE "EFDMS_DB" ;
--------------------------------------------------------
--  DDL for Table T_TAX_CATEGORY
--------------------------------------------------------

  CREATE TABLE "EFDMS_DB"."T_TAX_CATEGORY" 
   (	"TAX_CATEGORY_ID" NUMBER(18,0), 
	"CATEGORY_NAME_EN" VARCHAR2(200 BYTE), 
	"CATEGORY_NAME_BN" NVARCHAR2(400), 
	"VAT_CODE" NUMBER(2,2), 
	"SERIAL_NO" NUMBER(18,0), 
	"VAT_TYPE_ID" NUMBER(18,0), 
	"VAT_RATE" NUMBER(2,2), 
	"SD_TYPE_ID" NUMBER(18,0), 
	"SD_RATE" NUMBER(2,2), 
	"EFFECTIVE_FROM" DATE, 
	"UNTIL_DETAILS" VARCHAR2(500 BYTE), 
	"POLICY_DESCRIPTION" VARCHAR2(1000 BYTE), 
	"IS_LOCKED" NUMBER(1,0), 
	"SEND_BACK_REASON" NVARCHAR2(500), 
	"DOCUMENT_STATUS_ID" NUMBER(3,0), 
	"REFERENCE_STATUS_ID" NUMBER(3,0), 
	"CREATE_USER_ACCOUNT_ID" NUMBER(9,0), 
	"UPDATE_USER_ACCOUNT_ID" NUMBER(9,0), 
	"CREATE_DATE" DATE, 
	"UPDATE_DATE" DATE, 
	"VERSION_NO" NUMBER(4,0), 
	"UUID" VARCHAR2(36 CHAR)
   ) SEGMENT CREATION DEFERRED 
  PCTFREE 10 PCTUSED 40 INITRANS 1 MAXTRANS 255 
 NOCOMPRESS LOGGING
  TABLESPACE "EFDMS_DB" ;
--------------------------------------------------------
--  DDL for Table T_VAT_POLICY
--------------------------------------------------------

  CREATE TABLE "EFDMS_DB"."T_VAT_POLICY" 
   (	"VAT_POLICY_ID" NUMBER(18,0), 
	"HEADING_NO" VARCHAR2(200 BYTE), 
	"HS_CODE" NVARCHAR2(400), 
	"VAT_RATE" NUMBER(2,2), 
	"VAT_TYPE_ID" NUMBER(18,0), 
	"SD_RATE" NUMBER(2,2), 
	"EFFECTIVE_FROM" DATE, 
	"UNTIL_DETAILS" VARCHAR2(500 BYTE), 
	"POLICY_DESCRIPTION" VARCHAR2(1000 BYTE), 
	"IS_LOCKED" NUMBER(1,0), 
	"SEND_BACK_REASON" NVARCHAR2(500), 
	"DOCUMENT_STATUS_ID" NUMBER(3,0), 
	"REFERENCE_STATUS_ID" NUMBER(3,0), 
	"CREATE_USER_ACCOUNT_ID" NUMBER(9,0), 
	"UPDATE_USER_ACCOUNT_ID" NUMBER(9,0), 
	"CREATE_DATE" DATE, 
	"UPDATE_DATE" DATE, 
	"VERSION_NO" NUMBER(4,0), 
	"UUID" VARCHAR2(36 CHAR)
   ) SEGMENT CREATION DEFERRED 
  PCTFREE 10 PCTUSED 40 INITRANS 1 MAXTRANS 255 
 NOCOMPRESS LOGGING
  TABLESPACE "EFDMS_DB" ;
--------------------------------------------------------
--  DDL for Table T_VAT_TYPE
--------------------------------------------------------

  CREATE TABLE "EFDMS_DB"."T_VAT_TYPE" 
   (	"VAT_TYPE_ID" NUMBER(18,0), 
	"VAT_TYPE_EN" VARCHAR2(200 BYTE), 
	"VAT_TYPE_BN" NVARCHAR2(400), 
	"EFFECTIVE_FROM" DATE, 
	"SEND_BACK_REASON" NVARCHAR2(500), 
	"DOCUMENT_STATUS_ID" NUMBER(3,0), 
	"CREATE_USER_ACCOUNT_ID" NUMBER(9,0), 
	"UPDATE_USER_ACCOUNT_ID" NUMBER(9,0), 
	"CREATE_DATE" DATE, 
	"UPDATE_DATE" DATE, 
	"VERSION_NO" NUMBER(4,0), 
	"UUID" VARCHAR2(36 CHAR)
   ) SEGMENT CREATION DEFERRED 
  PCTFREE 10 PCTUSED 40 INITRANS 1 MAXTRANS 255 
 NOCOMPRESS LOGGING
  TABLESPACE "EFDMS_DB" ;
--------------------------------------------------------
--  DDL for Table USERS
--------------------------------------------------------

  CREATE TABLE "EFDMS_DB"."USERS" 
   (	"ID" NUMBER(10,0), 
	"CREATED_DATE" TIMESTAMP (6), 
	"EMAIL" VARCHAR2(255 CHAR), 
	"ENABLED" NUMBER(1,0), 
	"PASSWORD" VARCHAR2(255 CHAR), 
	"UPDATED_DATE" TIMESTAMP (6), 
	"USERNAME" VARCHAR2(255 CHAR), 
	"NAME" VARCHAR2(255 CHAR), 
	"IS_OTP" VARCHAR2(1 BYTE)
   ) SEGMENT CREATION IMMEDIATE 
  PCTFREE 10 PCTUSED 40 INITRANS 1 MAXTRANS 255 
 NOCOMPRESS LOGGING
  STORAGE(INITIAL 65536 NEXT 1048576 MINEXTENTS 1 MAXEXTENTS 2147483645
  PCTINCREASE 0 FREELISTS 1 FREELIST GROUPS 1
  BUFFER_POOL DEFAULT FLASH_CACHE DEFAULT CELL_FLASH_CACHE DEFAULT)
  TABLESPACE "EFDMS_DB" ;
--------------------------------------------------------
--  DDL for Table USER_ROLES
--------------------------------------------------------

  CREATE TABLE "EFDMS_DB"."USER_ROLES" 
   (	"USER_ID" NUMBER(19,0), 
	"ROLE_ID" NUMBER(10,0)
   ) SEGMENT CREATION IMMEDIATE 
  PCTFREE 10 PCTUSED 40 INITRANS 1 MAXTRANS 255 
 NOCOMPRESS LOGGING
  STORAGE(INITIAL 65536 NEXT 1048576 MINEXTENTS 1 MAXEXTENTS 2147483645
  PCTINCREASE 0 FREELISTS 1 FREELIST GROUPS 1
  BUFFER_POOL DEFAULT FLASH_CACHE DEFAULT CELL_FLASH_CACHE DEFAULT)
  TABLESPACE "EFDMS_DB" ;
REM INSERTING into EFDMS_DB.REFRESHTOKEN
SET DEFINE OFF;
Insert into EFDMS_DB.REFRESHTOKEN (ID,EXPIRY_DATE,TOKEN,USER_ID) values (1102,to_timestamp('08-NOV-22 01.00.23.053000000 PM','DD-MON-RR HH.MI.SSXFF AM'),'4375b7e3-2de9-4bbf-9203-08e6a5fc0aa2',2653);
Insert into EFDMS_DB.REFRESHTOKEN (ID,EXPIRY_DATE,TOKEN,USER_ID) values (1152,to_timestamp('08-NOV-22 01.34.48.085000000 PM','DD-MON-RR HH.MI.SSXFF AM'),'55c0f50c-985f-46d8-aaef-79e9eac58b74',2653);
Insert into EFDMS_DB.REFRESHTOKEN (ID,EXPIRY_DATE,TOKEN,USER_ID) values (1252,to_timestamp('08-NOV-22 02.10.05.667000000 PM','DD-MON-RR HH.MI.SSXFF AM'),'a7c0e33e-cafb-4b68-9b12-d74b73385325',2653);
Insert into EFDMS_DB.REFRESHTOKEN (ID,EXPIRY_DATE,TOKEN,USER_ID) values (1253,to_timestamp('08-NOV-22 02.17.17.212000000 PM','DD-MON-RR HH.MI.SSXFF AM'),'3b0c82b5-95f1-49ab-a3a2-35eabf5f0ea3',2653);
Insert into EFDMS_DB.REFRESHTOKEN (ID,EXPIRY_DATE,TOKEN,USER_ID) values (1402,to_timestamp('09-NOV-22 09.07.52.303000000 AM','DD-MON-RR HH.MI.SSXFF AM'),'ccef825e-cd83-4a01-aec3-6af9852b4f77',2653);
Insert into EFDMS_DB.REFRESHTOKEN (ID,EXPIRY_DATE,TOKEN,USER_ID) values (1403,to_timestamp('09-NOV-22 09.08.43.971000000 AM','DD-MON-RR HH.MI.SSXFF AM'),'1ce611be-6801-4182-99d6-c99370429ab5',2653);
Insert into EFDMS_DB.REFRESHTOKEN (ID,EXPIRY_DATE,TOKEN,USER_ID) values (1602,to_timestamp('10-NOV-22 10.35.30.161000000 AM','DD-MON-RR HH.MI.SSXFF AM'),'c12f5eb8-0056-405e-a569-27ab4b81d568',2653);
Insert into EFDMS_DB.REFRESHTOKEN (ID,EXPIRY_DATE,TOKEN,USER_ID) values (2402,to_timestamp('17-NOV-22 11.37.56.253000000 AM','DD-MON-RR HH.MI.SSXFF AM'),'0d6c681e-d682-4d7f-800c-403730a900d2',2652);
Insert into EFDMS_DB.REFRESHTOKEN (ID,EXPIRY_DATE,TOKEN,USER_ID) values (2403,to_timestamp('17-NOV-22 12.56.30.855000000 PM','DD-MON-RR HH.MI.SSXFF AM'),'ef1a09a8-3737-4ab3-8867-4306e9e8677a',2652);
Insert into EFDMS_DB.REFRESHTOKEN (ID,EXPIRY_DATE,TOKEN,USER_ID) values (2552,to_timestamp('18-NOV-22 12.13.32.706000000 PM','DD-MON-RR HH.MI.SSXFF AM'),'06ddc1a9-fbae-4f41-a45a-bfc45aa1f227',2652);
Insert into EFDMS_DB.REFRESHTOKEN (ID,EXPIRY_DATE,TOKEN,USER_ID) values (2654,to_timestamp('22-NOV-22 11.59.40.211000000 AM','DD-MON-RR HH.MI.SSXFF AM'),'02f1583a-838a-42c8-a039-779c29af6078',2652);
Insert into EFDMS_DB.REFRESHTOKEN (ID,EXPIRY_DATE,TOKEN,USER_ID) values (2952,to_timestamp('22-NOV-22 12.11.16.177000000 PM','DD-MON-RR HH.MI.SSXFF AM'),'97db4284-234b-4552-989e-870b85098215',2652);
Insert into EFDMS_DB.REFRESHTOKEN (ID,EXPIRY_DATE,TOKEN,USER_ID) values (3102,to_timestamp('22-NOV-22 03.57.29.959000000 PM','DD-MON-RR HH.MI.SSXFF AM'),'651e431c-c92f-45f5-9c2f-46381a5df797',2653);
Insert into EFDMS_DB.REFRESHTOKEN (ID,EXPIRY_DATE,TOKEN,USER_ID) values (3952,to_timestamp('02-DEC-22 02.57.26.050000000 PM','DD-MON-RR HH.MI.SSXFF AM'),'d859b458-1473-469f-b223-64d8f7f60f9d',2653);
Insert into EFDMS_DB.REFRESHTOKEN (ID,EXPIRY_DATE,TOKEN,USER_ID) values (5154,to_timestamp('23-DEC-22 10.24.03.913000000 AM','DD-MON-RR HH.MI.SSXFF AM'),'0995fe21-be67-4485-a5fd-693af7ceb117',2653);
Insert into EFDMS_DB.REFRESHTOKEN (ID,EXPIRY_DATE,TOKEN,USER_ID) values (5155,to_timestamp('23-DEC-22 10.37.25.855000000 AM','DD-MON-RR HH.MI.SSXFF AM'),'9fa78e28-2659-44fc-ae08-cd897febfe50',2653);
Insert into EFDMS_DB.REFRESHTOKEN (ID,EXPIRY_DATE,TOKEN,USER_ID) values (7102,to_timestamp('03-JAN-23 09.33.54.617000000 AM','DD-MON-RR HH.MI.SSXFF AM'),'7d7dcc81-e893-4868-b352-6ed83455d52b',2653);
Insert into EFDMS_DB.REFRESHTOKEN (ID,EXPIRY_DATE,TOKEN,USER_ID) values (7152,to_timestamp('03-JAN-23 10.38.19.142000000 AM','DD-MON-RR HH.MI.SSXFF AM'),'deb5ce0b-ccc2-4cae-8896-2600b7a52716',2653);
Insert into EFDMS_DB.REFRESHTOKEN (ID,EXPIRY_DATE,TOKEN,USER_ID) values (7252,to_timestamp('03-JAN-23 02.49.40.297000000 PM','DD-MON-RR HH.MI.SSXFF AM'),'73614ced-5261-43a8-b77b-dab270854d89',2653);
Insert into EFDMS_DB.REFRESHTOKEN (ID,EXPIRY_DATE,TOKEN,USER_ID) values (7305,to_timestamp('04-JAN-23 10.38.00.485000000 AM','DD-MON-RR HH.MI.SSXFF AM'),'bf496a9c-2843-4073-b9f1-a69c49d50c71',2653);
Insert into EFDMS_DB.REFRESHTOKEN (ID,EXPIRY_DATE,TOKEN,USER_ID) values (7306,to_timestamp('04-JAN-23 11.59.40.387000000 AM','DD-MON-RR HH.MI.SSXFF AM'),'f360c577-64e1-43e1-b2c0-a868ec5ff1b0',2653);
Insert into EFDMS_DB.REFRESHTOKEN (ID,EXPIRY_DATE,TOKEN,USER_ID) values (7403,to_timestamp('05-JAN-23 09.10.36.924000000 AM','DD-MON-RR HH.MI.SSXFF AM'),'02d41d38-ae63-4915-b0c9-ef731dd8a37c',2653);
Insert into EFDMS_DB.REFRESHTOKEN (ID,EXPIRY_DATE,TOKEN,USER_ID) values (7454,to_timestamp('05-JAN-23 02.14.15.874000000 PM','DD-MON-RR HH.MI.SSXFF AM'),'16683127-e090-4c7d-a393-bb5d848a3225',2653);
Insert into EFDMS_DB.REFRESHTOKEN (ID,EXPIRY_DATE,TOKEN,USER_ID) values (7455,to_timestamp('05-JAN-23 02.15.44.884000000 PM','DD-MON-RR HH.MI.SSXFF AM'),'3ae77e61-0c5a-4f05-9630-b426699dc3b5',2653);
Insert into EFDMS_DB.REFRESHTOKEN (ID,EXPIRY_DATE,TOKEN,USER_ID) values (7511,to_timestamp('10-JAN-23 10.23.51.824000000 AM','DD-MON-RR HH.MI.SSXFF AM'),'c668a74c-0349-427d-9248-98b6cd7a1344',2653);
Insert into EFDMS_DB.REFRESHTOKEN (ID,EXPIRY_DATE,TOKEN,USER_ID) values (7512,to_timestamp('10-JAN-23 10.49.22.979000000 AM','DD-MON-RR HH.MI.SSXFF AM'),'dbf14aa8-97ad-472c-8a02-5d3884a92fc4',2653);
Insert into EFDMS_DB.REFRESHTOKEN (ID,EXPIRY_DATE,TOKEN,USER_ID) values (7513,to_timestamp('10-JAN-23 10.56.43.735000000 AM','DD-MON-RR HH.MI.SSXFF AM'),'cdcbbdf0-0596-41d2-b2ee-99f5f6124c98',2653);
Insert into EFDMS_DB.REFRESHTOKEN (ID,EXPIRY_DATE,TOKEN,USER_ID) values (7514,to_timestamp('10-JAN-23 10.56.50.732000000 AM','DD-MON-RR HH.MI.SSXFF AM'),'9f6dd87a-b4e6-457b-8951-3e3120637093',2653);
Insert into EFDMS_DB.REFRESHTOKEN (ID,EXPIRY_DATE,TOKEN,USER_ID) values (7967,to_timestamp('12-JAN-23 03.11.15.137000000 PM','DD-MON-RR HH.MI.SSXFF AM'),'3052c57a-9978-4b7a-811a-ef545fe4117d',2653);
Insert into EFDMS_DB.REFRESHTOKEN (ID,EXPIRY_DATE,TOKEN,USER_ID) values (7980,to_timestamp('12-JAN-23 03.11.15.242000000 PM','DD-MON-RR HH.MI.SSXFF AM'),'08c0f6e2-e64a-4fdf-a7ea-57b16826aff5',2653);
Insert into EFDMS_DB.REFRESHTOKEN (ID,EXPIRY_DATE,TOKEN,USER_ID) values (7985,to_timestamp('12-JAN-23 03.11.49.499000000 PM','DD-MON-RR HH.MI.SSXFF AM'),'d6a4b480-3860-4be6-8ffe-cc675b9df2e5',2653);
Insert into EFDMS_DB.REFRESHTOKEN (ID,EXPIRY_DATE,TOKEN,USER_ID) values (8958,to_timestamp('17-JAN-23 12.22.50.545000000 PM','DD-MON-RR HH.MI.SSXFF AM'),'9e7aadbb-f8f9-4995-906d-6d4c3230a329',2653);
Insert into EFDMS_DB.REFRESHTOKEN (ID,EXPIRY_DATE,TOKEN,USER_ID) values (8960,to_timestamp('17-JAN-23 04.14.21.649000000 PM','DD-MON-RR HH.MI.SSXFF AM'),'cee2ffac-e5e0-4e0f-96ef-31de458a2002',2653);
Insert into EFDMS_DB.REFRESHTOKEN (ID,EXPIRY_DATE,TOKEN,USER_ID) values (8967,to_timestamp('19-JAN-23 10.04.48.899000000 AM','DD-MON-RR HH.MI.SSXFF AM'),'e066b162-24fb-4605-b093-b10bce601514',2653);
Insert into EFDMS_DB.REFRESHTOKEN (ID,EXPIRY_DATE,TOKEN,USER_ID) values (8968,to_timestamp('19-JAN-23 11.05.08.303000000 AM','DD-MON-RR HH.MI.SSXFF AM'),'62a04255-9fc4-47b0-869a-45af23fbeb4f',2653);
Insert into EFDMS_DB.REFRESHTOKEN (ID,EXPIRY_DATE,TOKEN,USER_ID) values (9952,to_timestamp('23-JAN-23 09.08.31.473000000 AM','DD-MON-RR HH.MI.SSXFF AM'),'373b6901-9e9b-449f-a335-482d96a97bf9',2653);
Insert into EFDMS_DB.REFRESHTOKEN (ID,EXPIRY_DATE,TOKEN,USER_ID) values (10004,to_timestamp('23-JAN-23 03.08.00.508000000 PM','DD-MON-RR HH.MI.SSXFF AM'),'76cc32bd-d4fe-40eb-a22a-f7752c91147c',2653);
Insert into EFDMS_DB.REFRESHTOKEN (ID,EXPIRY_DATE,TOKEN,USER_ID) values (11002,to_timestamp('26-JAN-23 12.22.38.181000000 PM','DD-MON-RR HH.MI.SSXFF AM'),'6ef31225-b271-49db-8479-df981bed7f86',2652);
Insert into EFDMS_DB.REFRESHTOKEN (ID,EXPIRY_DATE,TOKEN,USER_ID) values (12252,to_timestamp('31-JAN-23 09.23.36.181000000 AM','DD-MON-RR HH.MI.SSXFF AM'),'42dec9c4-5412-4cd8-84ee-3784993ccd8a',2652);
Insert into EFDMS_DB.REFRESHTOKEN (ID,EXPIRY_DATE,TOKEN,USER_ID) values (12253,to_timestamp('31-JAN-23 09.25.47.634000000 AM','DD-MON-RR HH.MI.SSXFF AM'),'5f77744e-92b0-4343-90cf-9fe5fdbe854a',2653);
Insert into EFDMS_DB.REFRESHTOKEN (ID,EXPIRY_DATE,TOKEN,USER_ID) values (12302,to_timestamp('31-JAN-23 12.59.43.634000000 PM','DD-MON-RR HH.MI.SSXFF AM'),'16ecc5fc-b427-4f0b-96c7-6995543079d0',2652);
Insert into EFDMS_DB.REFRESHTOKEN (ID,EXPIRY_DATE,TOKEN,USER_ID) values (12303,to_timestamp('31-JAN-23 01.00.02.096000000 PM','DD-MON-RR HH.MI.SSXFF AM'),'8846e1fe-548c-435c-9690-e8d41b91bb3a',2652);
Insert into EFDMS_DB.REFRESHTOKEN (ID,EXPIRY_DATE,TOKEN,USER_ID) values (12304,to_timestamp('31-JAN-23 01.00.20.869000000 PM','DD-MON-RR HH.MI.SSXFF AM'),'5e7db38e-af53-4b3e-81c4-ea3c44e0b3b1',2652);
Insert into EFDMS_DB.REFRESHTOKEN (ID,EXPIRY_DATE,TOKEN,USER_ID) values (12305,to_timestamp('31-JAN-23 01.00.51.311000000 PM','DD-MON-RR HH.MI.SSXFF AM'),'401ca3be-9749-4c5f-ab8b-5a26acfd1801',6003);
Insert into EFDMS_DB.REFRESHTOKEN (ID,EXPIRY_DATE,TOKEN,USER_ID) values (12306,to_timestamp('31-JAN-23 01.03.31.409000000 PM','DD-MON-RR HH.MI.SSXFF AM'),'f20d7fb7-0ebc-4eb0-89c4-2f35b5bd954c',6003);
Insert into EFDMS_DB.REFRESHTOKEN (ID,EXPIRY_DATE,TOKEN,USER_ID) values (12308,to_timestamp('01-FEB-23 09.28.56.233000000 AM','DD-MON-RR HH.MI.SSXFF AM'),'e79ccc41-f98e-4895-b2d8-171b4214b915',2652);
Insert into EFDMS_DB.REFRESHTOKEN (ID,EXPIRY_DATE,TOKEN,USER_ID) values (13002,to_timestamp('06-FEB-23 12.06.09.749000000 PM','DD-MON-RR HH.MI.SSXFF AM'),'d1238431-7524-45f8-ac37-34ca46817d22',2652);
Insert into EFDMS_DB.REFRESHTOKEN (ID,EXPIRY_DATE,TOKEN,USER_ID) values (12156,to_timestamp('07-FEB-23 10.06.06.130000000 AM','DD-MON-RR HH.MI.SSXFF AM'),'2f182975-627b-4289-8bb5-7d0f8a7c93bc',2652);
Insert into EFDMS_DB.REFRESHTOKEN (ID,EXPIRY_DATE,TOKEN,USER_ID) values (1803,to_timestamp('11-NOV-22 10.37.40.573000000 AM','DD-MON-RR HH.MI.SSXFF AM'),'b75b3c5d-f8eb-4b6a-98bc-f90b9378ed93',2652);
Insert into EFDMS_DB.REFRESHTOKEN (ID,EXPIRY_DATE,TOKEN,USER_ID) values (1804,to_timestamp('11-NOV-22 10.37.56.260000000 AM','DD-MON-RR HH.MI.SSXFF AM'),'f2d649e4-ae6d-47b0-b88b-aa938283a040',2652);
Insert into EFDMS_DB.REFRESHTOKEN (ID,EXPIRY_DATE,TOKEN,USER_ID) values (2503,to_timestamp('18-NOV-22 08.54.47.147000000 AM','DD-MON-RR HH.MI.SSXFF AM'),'a421f91d-5e60-4341-bf83-0c5d0852306c',2652);
Insert into EFDMS_DB.REFRESHTOKEN (ID,EXPIRY_DATE,TOKEN,USER_ID) values (2653,to_timestamp('18-NOV-22 02.32.01.604000000 PM','DD-MON-RR HH.MI.SSXFF AM'),'3b5e54e6-7ef6-4462-86ec-9fb1c1a67298',2652);
Insert into EFDMS_DB.REFRESHTOKEN (ID,EXPIRY_DATE,TOKEN,USER_ID) values (5102,to_timestamp('21-DEC-22 09.47.05.216000000 AM','DD-MON-RR HH.MI.SSXFF AM'),'7239ef6a-74cc-4a87-b2ad-d36dd06b62a7',2653);
Insert into EFDMS_DB.REFRESHTOKEN (ID,EXPIRY_DATE,TOKEN,USER_ID) values (6004,to_timestamp('27-DEC-22 02.34.34.085000000 PM','DD-MON-RR HH.MI.SSXFF AM'),'8db123e7-8ef8-42f5-be65-06b91b8b50fb',2653);
Insert into EFDMS_DB.REFRESHTOKEN (ID,EXPIRY_DATE,TOKEN,USER_ID) values (6005,to_timestamp('27-DEC-22 02.57.21.003000000 PM','DD-MON-RR HH.MI.SSXFF AM'),'98f01d1b-ef2f-47a0-a78d-766f8cac2904',2653);
Insert into EFDMS_DB.REFRESHTOKEN (ID,EXPIRY_DATE,TOKEN,USER_ID) values (6007,to_timestamp('28-DEC-22 02.44.47.205000000 PM','DD-MON-RR HH.MI.SSXFF AM'),'7d8ada7b-13ca-4fe2-a0a2-41f17749628a',2653);
Insert into EFDMS_DB.REFRESHTOKEN (ID,EXPIRY_DATE,TOKEN,USER_ID) values (1302,to_timestamp('09-NOV-22 08.35.08.069000000 AM','DD-MON-RR HH.MI.SSXFF AM'),'ed6147f5-18e9-4fb0-bc23-1cca884c2000',2653);
Insert into EFDMS_DB.REFRESHTOKEN (ID,EXPIRY_DATE,TOKEN,USER_ID) values (6008,to_timestamp('28-DEC-22 02.54.15.093000000 PM','DD-MON-RR HH.MI.SSXFF AM'),'5c91e9d2-7c16-4759-aef6-87a658a1365f',2653);
Insert into EFDMS_DB.REFRESHTOKEN (ID,EXPIRY_DATE,TOKEN,USER_ID) values (6009,to_timestamp('28-DEC-22 02.54.26.952000000 PM','DD-MON-RR HH.MI.SSXFF AM'),'e229c497-52cc-432e-bae2-96052f706cb0',2653);
Insert into EFDMS_DB.REFRESHTOKEN (ID,EXPIRY_DATE,TOKEN,USER_ID) values (6203,to_timestamp('29-DEC-22 03.11.57.485000000 PM','DD-MON-RR HH.MI.SSXFF AM'),'1c532bc9-39f3-4918-a33a-bb4f5322b59d',2653);
Insert into EFDMS_DB.REFRESHTOKEN (ID,EXPIRY_DATE,TOKEN,USER_ID) values (6204,to_timestamp('29-DEC-22 03.15.41.843000000 PM','DD-MON-RR HH.MI.SSXFF AM'),'570ca78e-8cac-42f8-b459-2314dfe77557',2653);
Insert into EFDMS_DB.REFRESHTOKEN (ID,EXPIRY_DATE,TOKEN,USER_ID) values (6302,to_timestamp('30-DEC-22 09.37.33.021000000 AM','DD-MON-RR HH.MI.SSXFF AM'),'574d6175-a3af-4072-8848-6ab4187020e9',2653);
Insert into EFDMS_DB.REFRESHTOKEN (ID,EXPIRY_DATE,TOKEN,USER_ID) values (6303,to_timestamp('30-DEC-22 09.43.31.038000000 AM','DD-MON-RR HH.MI.SSXFF AM'),'137a6a1d-6acb-4c14-8d29-f0b5c72a05ac',2653);
Insert into EFDMS_DB.REFRESHTOKEN (ID,EXPIRY_DATE,TOKEN,USER_ID) values (6304,to_timestamp('30-DEC-22 09.50.06.684000000 AM','DD-MON-RR HH.MI.SSXFF AM'),'d12ed8d1-7c78-482f-9ad6-97f0b8b85a4a',2653);
Insert into EFDMS_DB.REFRESHTOKEN (ID,EXPIRY_DATE,TOKEN,USER_ID) values (6305,to_timestamp('30-DEC-22 10.00.19.915000000 AM','DD-MON-RR HH.MI.SSXFF AM'),'a6e9b41b-b68b-4927-a987-8b57b7f5c719',2653);
Insert into EFDMS_DB.REFRESHTOKEN (ID,EXPIRY_DATE,TOKEN,USER_ID) values (6306,to_timestamp('30-DEC-22 10.02.15.622000000 AM','DD-MON-RR HH.MI.SSXFF AM'),'f676fcd9-da5e-474a-a94e-a5b2e7545c78',2653);
Insert into EFDMS_DB.REFRESHTOKEN (ID,EXPIRY_DATE,TOKEN,USER_ID) values (6307,to_timestamp('30-DEC-22 10.03.59.732000000 AM','DD-MON-RR HH.MI.SSXFF AM'),'38796c9d-0f58-4947-8d54-4af819185e90',2653);
Insert into EFDMS_DB.REFRESHTOKEN (ID,EXPIRY_DATE,TOKEN,USER_ID) values (6308,to_timestamp('30-DEC-22 10.04.14.193000000 AM','DD-MON-RR HH.MI.SSXFF AM'),'93e9958a-42e1-4f3c-8e64-8a5ce6a75e99',2653);
Insert into EFDMS_DB.REFRESHTOKEN (ID,EXPIRY_DATE,TOKEN,USER_ID) values (6309,to_timestamp('30-DEC-22 10.04.49.755000000 AM','DD-MON-RR HH.MI.SSXFF AM'),'7d2783d4-7e73-41ea-9bb8-c5be09af1b32',2653);
Insert into EFDMS_DB.REFRESHTOKEN (ID,EXPIRY_DATE,TOKEN,USER_ID) values (6352,to_timestamp('30-DEC-22 10.23.24.156000000 AM','DD-MON-RR HH.MI.SSXFF AM'),'edcba3f7-ef34-44c9-a118-4d1bc80daa8a',2653);
Insert into EFDMS_DB.REFRESHTOKEN (ID,EXPIRY_DATE,TOKEN,USER_ID) values (6402,to_timestamp('30-DEC-22 10.28.23.341000000 AM','DD-MON-RR HH.MI.SSXFF AM'),'a93497b1-3d3d-41e9-a7ba-11ed8802e31c',2653);
Insert into EFDMS_DB.REFRESHTOKEN (ID,EXPIRY_DATE,TOKEN,USER_ID) values (6403,to_timestamp('30-DEC-22 10.29.03.136000000 AM','DD-MON-RR HH.MI.SSXFF AM'),'f6ea9539-755f-4bf4-8669-bfaa87b76c91',2653);
Insert into EFDMS_DB.REFRESHTOKEN (ID,EXPIRY_DATE,TOKEN,USER_ID) values (6404,to_timestamp('30-DEC-22 11.15.41.311000000 AM','DD-MON-RR HH.MI.SSXFF AM'),'a039ac1c-e333-4b57-ad41-5bb0c70c875d',2653);
Insert into EFDMS_DB.REFRESHTOKEN (ID,EXPIRY_DATE,TOKEN,USER_ID) values (6405,to_timestamp('30-DEC-22 11.16.24.467000000 AM','DD-MON-RR HH.MI.SSXFF AM'),'ed544e30-d857-4ad7-858c-f09d89b29d2a',2653);
Insert into EFDMS_DB.REFRESHTOKEN (ID,EXPIRY_DATE,TOKEN,USER_ID) values (6406,to_timestamp('30-DEC-22 11.17.38.046000000 AM','DD-MON-RR HH.MI.SSXFF AM'),'6836cc55-230f-4451-aa5a-d04ffaaf2824',2653);
Insert into EFDMS_DB.REFRESHTOKEN (ID,EXPIRY_DATE,TOKEN,USER_ID) values (6452,to_timestamp('30-DEC-22 11.28.39.871000000 AM','DD-MON-RR HH.MI.SSXFF AM'),'15ccad5a-a355-42e2-be70-85622a1c75ec',2653);
Insert into EFDMS_DB.REFRESHTOKEN (ID,EXPIRY_DATE,TOKEN,USER_ID) values (6502,to_timestamp('30-DEC-22 11.35.18.061000000 AM','DD-MON-RR HH.MI.SSXFF AM'),'b276d8a8-af88-41e5-b4ee-afff9ff7f5b4',2653);
Insert into EFDMS_DB.REFRESHTOKEN (ID,EXPIRY_DATE,TOKEN,USER_ID) values (6503,to_timestamp('30-DEC-22 11.47.04.251000000 AM','DD-MON-RR HH.MI.SSXFF AM'),'8c5ed9d8-9327-4473-8b2b-18ab4a153d49',2653);
Insert into EFDMS_DB.REFRESHTOKEN (ID,EXPIRY_DATE,TOKEN,USER_ID) values (6504,to_timestamp('30-DEC-22 12.35.41.690000000 PM','DD-MON-RR HH.MI.SSXFF AM'),'55d67bef-4651-4dbd-b8df-519e847349f7',2653);
Insert into EFDMS_DB.REFRESHTOKEN (ID,EXPIRY_DATE,TOKEN,USER_ID) values (6505,to_timestamp('30-DEC-22 12.38.01.669000000 PM','DD-MON-RR HH.MI.SSXFF AM'),'861916c6-0c2b-4457-89be-8f5364ac2c36',2653);
Insert into EFDMS_DB.REFRESHTOKEN (ID,EXPIRY_DATE,TOKEN,USER_ID) values (6552,to_timestamp('30-DEC-22 12.48.41.684000000 PM','DD-MON-RR HH.MI.SSXFF AM'),'915bc112-eb40-41c6-9a98-0fd0c63a34c5',2653);
Insert into EFDMS_DB.REFRESHTOKEN (ID,EXPIRY_DATE,TOKEN,USER_ID) values (6553,to_timestamp('30-DEC-22 12.54.37.296000000 PM','DD-MON-RR HH.MI.SSXFF AM'),'5628a0f1-529c-47df-829a-0b1e1ec1e205',6952);
Insert into EFDMS_DB.REFRESHTOKEN (ID,EXPIRY_DATE,TOKEN,USER_ID) values (7302,to_timestamp('03-JAN-23 03.58.37.395000000 PM','DD-MON-RR HH.MI.SSXFF AM'),'88850bce-48ce-4c05-a71f-d4c8d42c49fa',2653);
Insert into EFDMS_DB.REFRESHTOKEN (ID,EXPIRY_DATE,TOKEN,USER_ID) values (7458,to_timestamp('06-JAN-23 09.11.39.845000000 AM','DD-MON-RR HH.MI.SSXFF AM'),'542fbce9-6ee1-4ced-99e9-e2e3b64e7cf9',2653);
Insert into EFDMS_DB.REFRESHTOKEN (ID,EXPIRY_DATE,TOKEN,USER_ID) values (7952,to_timestamp('10-JAN-23 11.59.01.302000000 AM','DD-MON-RR HH.MI.SSXFF AM'),'69de99eb-e585-4809-ab7a-32b3514da7f5',2653);
Insert into EFDMS_DB.REFRESHTOKEN (ID,EXPIRY_DATE,TOKEN,USER_ID) values (7953,to_timestamp('10-JAN-23 12.59.46.364000000 PM','DD-MON-RR HH.MI.SSXFF AM'),'0b71a63d-21d2-473e-be74-a8d673736f12',2653);
Insert into EFDMS_DB.REFRESHTOKEN (ID,EXPIRY_DATE,TOKEN,USER_ID) values (7954,to_timestamp('11-JAN-23 09.18.13.638000000 AM','DD-MON-RR HH.MI.SSXFF AM'),'1427a36c-3ecc-4560-aed5-638926184b40',2653);
Insert into EFDMS_DB.REFRESHTOKEN (ID,EXPIRY_DATE,TOKEN,USER_ID) values (7965,to_timestamp('12-JAN-23 03.11.15.118000000 PM','DD-MON-RR HH.MI.SSXFF AM'),'99d46321-9c99-4f80-bcef-b6dea0443a1e',2653);
Insert into EFDMS_DB.REFRESHTOKEN (ID,EXPIRY_DATE,TOKEN,USER_ID) values (7970,to_timestamp('12-JAN-23 03.11.15.136000000 PM','DD-MON-RR HH.MI.SSXFF AM'),'fb5288f6-2b39-49be-9b25-8b8edb0fbbff',2653);
Insert into EFDMS_DB.REFRESHTOKEN (ID,EXPIRY_DATE,TOKEN,USER_ID) values (7975,to_timestamp('12-JAN-23 03.11.15.219000000 PM','DD-MON-RR HH.MI.SSXFF AM'),'f0801f48-6448-49e0-8b07-0969c66de905',2653);
Insert into EFDMS_DB.REFRESHTOKEN (ID,EXPIRY_DATE,TOKEN,USER_ID) values (7979,to_timestamp('12-JAN-23 03.11.15.242000000 PM','DD-MON-RR HH.MI.SSXFF AM'),'e94ed5f9-b96b-45c6-9b13-7235f7e398cb',2653);
Insert into EFDMS_DB.REFRESHTOKEN (ID,EXPIRY_DATE,TOKEN,USER_ID) values (7981,to_timestamp('12-JAN-23 03.11.15.243000000 PM','DD-MON-RR HH.MI.SSXFF AM'),'7159ddbb-7c89-4fec-8330-c064a6a1e504',2653);
Insert into EFDMS_DB.REFRESHTOKEN (ID,EXPIRY_DATE,TOKEN,USER_ID) values (7988,to_timestamp('13-JAN-23 12.03.03.746000000 PM','DD-MON-RR HH.MI.SSXFF AM'),'55a74fc2-c874-4b00-b9f8-6d17d1c509ce',2653);
Insert into EFDMS_DB.REFRESHTOKEN (ID,EXPIRY_DATE,TOKEN,USER_ID) values (8954,to_timestamp('16-JAN-23 12.24.25.043000000 PM','DD-MON-RR HH.MI.SSXFF AM'),'c223ad69-9a84-4c64-9fc8-2007769bfb1a',2653);
Insert into EFDMS_DB.REFRESHTOKEN (ID,EXPIRY_DATE,TOKEN,USER_ID) values (8965,to_timestamp('18-JAN-23 04.25.26.156000000 PM','DD-MON-RR HH.MI.SSXFF AM'),'0fd21368-0176-491b-93d5-8f5935331b28',2653);
Insert into EFDMS_DB.REFRESHTOKEN (ID,EXPIRY_DATE,TOKEN,USER_ID) values (8972,to_timestamp('19-JAN-23 04.02.01.866000000 PM','DD-MON-RR HH.MI.SSXFF AM'),'b995cea2-a0f0-4d19-907d-8098a842a159',2653);
Insert into EFDMS_DB.REFRESHTOKEN (ID,EXPIRY_DATE,TOKEN,USER_ID) values (10011,to_timestamp('25-JAN-23 09.14.52.564000000 AM','DD-MON-RR HH.MI.SSXFF AM'),'d7fb2a10-4aae-4af4-baa2-efb59b040142',2653);
Insert into EFDMS_DB.REFRESHTOKEN (ID,EXPIRY_DATE,TOKEN,USER_ID) values (10952,to_timestamp('26-JAN-23 10.33.32.570000000 AM','DD-MON-RR HH.MI.SSXFF AM'),'2920bfe0-049f-4e56-b0e8-aacaf2dee715',2652);
Insert into EFDMS_DB.REFRESHTOKEN (ID,EXPIRY_DATE,TOKEN,USER_ID) values (10017,to_timestamp('26-JAN-23 10.47.52.198000000 AM','DD-MON-RR HH.MI.SSXFF AM'),'d517f92f-eef9-4f6a-a7a5-7a14fd52882c',2653);
Insert into EFDMS_DB.REFRESHTOKEN (ID,EXPIRY_DATE,TOKEN,USER_ID) values (10018,to_timestamp('26-JAN-23 11.30.15.787000000 AM','DD-MON-RR HH.MI.SSXFF AM'),'5e7b245b-a253-4de0-a5b9-96d92c470dbf',2653);
Insert into EFDMS_DB.REFRESHTOKEN (ID,EXPIRY_DATE,TOKEN,USER_ID) values (12102,to_timestamp('30-JAN-23 12.53.17.208000000 PM','DD-MON-RR HH.MI.SSXFF AM'),'4adfe86a-e49a-4d0e-a573-4ea4d763dfd1',2653);
Insert into EFDMS_DB.REFRESHTOKEN (ID,EXPIRY_DATE,TOKEN,USER_ID) values (12152,to_timestamp('30-JAN-23 03.06.38.588000000 PM','DD-MON-RR HH.MI.SSXFF AM'),'3ac2e85c-0fa7-4565-8583-27f3cf99e509',2652);
Insert into EFDMS_DB.REFRESHTOKEN (ID,EXPIRY_DATE,TOKEN,USER_ID) values (12352,to_timestamp('01-FEB-23 10.53.35.369000000 AM','DD-MON-RR HH.MI.SSXFF AM'),'415177d1-527c-4279-9371-cba01ccaff56',2652);
Insert into EFDMS_DB.REFRESHTOKEN (ID,EXPIRY_DATE,TOKEN,USER_ID) values (12402,to_timestamp('01-FEB-23 11.59.23.708000000 AM','DD-MON-RR HH.MI.SSXFF AM'),'c0a28ac0-2cc3-4516-a839-5b82af6502d9',2652);
Insert into EFDMS_DB.REFRESHTOKEN (ID,EXPIRY_DATE,TOKEN,USER_ID) values (12504,to_timestamp('02-FEB-23 03.07.54.222000000 PM','DD-MON-RR HH.MI.SSXFF AM'),'db372ca4-b875-4f04-9bcc-3ac66c5ffe11',2652);
Insert into EFDMS_DB.REFRESHTOKEN (ID,EXPIRY_DATE,TOKEN,USER_ID) values (12552,to_timestamp('02-FEB-23 03.19.54.522000000 PM','DD-MON-RR HH.MI.SSXFF AM'),'12c43759-c190-42b6-9333-c3b3f526da24',2652);
Insert into EFDMS_DB.REFRESHTOKEN (ID,EXPIRY_DATE,TOKEN,USER_ID) values (12602,to_timestamp('03-FEB-23 09.16.01.929000000 AM','DD-MON-RR HH.MI.SSXFF AM'),'14c09b45-f209-42b5-bcb3-1ebcf4f43af5',2652);
Insert into EFDMS_DB.REFRESHTOKEN (ID,EXPIRY_DATE,TOKEN,USER_ID) values (12954,to_timestamp('06-FEB-23 10.52.52.756000000 AM','DD-MON-RR HH.MI.SSXFF AM'),'c5ad4fee-3469-48e9-ab6c-6412e89ac8b8',2652);
Insert into EFDMS_DB.REFRESHTOKEN (ID,EXPIRY_DATE,TOKEN,USER_ID) values (12955,to_timestamp('06-FEB-23 10.53.01.554000000 AM','DD-MON-RR HH.MI.SSXFF AM'),'e6c2cb6e-82ec-40f3-a0f8-16330f08466d',2652);
Insert into EFDMS_DB.REFRESHTOKEN (ID,EXPIRY_DATE,TOKEN,USER_ID) values (12956,to_timestamp('06-FEB-23 11.08.23.595000000 AM','DD-MON-RR HH.MI.SSXFF AM'),'2732f02c-0343-47cc-8e53-c4ed3abe971d',2652);
Insert into EFDMS_DB.REFRESHTOKEN (ID,EXPIRY_DATE,TOKEN,USER_ID) values (13003,to_timestamp('07-FEB-23 10.29.11.526000000 AM','DD-MON-RR HH.MI.SSXFF AM'),'b671f356-a0ea-41ad-a9be-85abd669541f',2652);
Insert into EFDMS_DB.REFRESHTOKEN (ID,EXPIRY_DATE,TOKEN,USER_ID) values (13052,to_timestamp('07-FEB-23 10.33.47.478000000 AM','DD-MON-RR HH.MI.SSXFF AM'),'8a2757a0-49d5-46a4-81ef-f56e2134083e',2652);
Insert into EFDMS_DB.REFRESHTOKEN (ID,EXPIRY_DATE,TOKEN,USER_ID) values (13102,to_timestamp('07-FEB-23 02.34.07.518000000 PM','DD-MON-RR HH.MI.SSXFF AM'),'26e8d0a2-5a54-409a-8205-da8b93837c1d',2652);
Insert into EFDMS_DB.REFRESHTOKEN (ID,EXPIRY_DATE,TOKEN,USER_ID) values (13152,to_timestamp('08-FEB-23 03.32.04.040000000 PM','DD-MON-RR HH.MI.SSXFF AM'),'cbb897b2-57d2-4f88-b3e4-33c6fd0408f5',2652);
Insert into EFDMS_DB.REFRESHTOKEN (ID,EXPIRY_DATE,TOKEN,USER_ID) values (6002,to_timestamp('27-DEC-22 11.23.47.637000000 AM','DD-MON-RR HH.MI.SSXFF AM'),'2e8e86eb-a47c-43eb-b1a6-22ddd94bcd5f',2653);
Insert into EFDMS_DB.REFRESHTOKEN (ID,EXPIRY_DATE,TOKEN,USER_ID) values (1852,to_timestamp('11-NOV-22 12.17.37.072000000 PM','DD-MON-RR HH.MI.SSXFF AM'),'93f5ea3e-bd59-4362-a1f2-3478f2aa9590',2652);
Insert into EFDMS_DB.REFRESHTOKEN (ID,EXPIRY_DATE,TOKEN,USER_ID) values (5952,to_timestamp('27-DEC-22 10.16.30.989000000 AM','DD-MON-RR HH.MI.SSXFF AM'),'45e112ee-1fcb-4b5c-80ea-67eca1b93b8f',2653);
Insert into EFDMS_DB.REFRESHTOKEN (ID,EXPIRY_DATE,TOKEN,USER_ID) values (6006,to_timestamp('28-DEC-22 09.16.07.021000000 AM','DD-MON-RR HH.MI.SSXFF AM'),'b13ee59a-1867-4057-87eb-e34ccf15e23b',2653);
Insert into EFDMS_DB.REFRESHTOKEN (ID,EXPIRY_DATE,TOKEN,USER_ID) values (6556,to_timestamp('30-DEC-22 03.45.13.758000000 PM','DD-MON-RR HH.MI.SSXFF AM'),'2f678922-0df5-460e-83d4-ad3516aeb533',2653);
Insert into EFDMS_DB.REFRESHTOKEN (ID,EXPIRY_DATE,TOKEN,USER_ID) values (7352,to_timestamp('04-JAN-23 02.17.15.168000000 PM','DD-MON-RR HH.MI.SSXFF AM'),'2c9d7fda-2de8-43b7-ad89-ec70b97322f8',2653);
Insert into EFDMS_DB.REFRESHTOKEN (ID,EXPIRY_DATE,TOKEN,USER_ID) values (7452,to_timestamp('05-JAN-23 09.19.38.017000000 AM','DD-MON-RR HH.MI.SSXFF AM'),'52cb3233-c21c-426c-88a8-7822d61f05cf',2653);
Insert into EFDMS_DB.REFRESHTOKEN (ID,EXPIRY_DATE,TOKEN,USER_ID) values (7453,to_timestamp('05-JAN-23 09.24.22.237000000 AM','DD-MON-RR HH.MI.SSXFF AM'),'8342dbd9-a704-411b-bab7-162fedf97206',2653);
Insert into EFDMS_DB.REFRESHTOKEN (ID,EXPIRY_DATE,TOKEN,USER_ID) values (7456,to_timestamp('05-JAN-23 02.27.41.143000000 PM','DD-MON-RR HH.MI.SSXFF AM'),'06923a60-48da-4b37-9f30-ebfecea884e1',2653);
Insert into EFDMS_DB.REFRESHTOKEN (ID,EXPIRY_DATE,TOKEN,USER_ID) values (7504,to_timestamp('09-JAN-23 11.21.14.649000000 AM','DD-MON-RR HH.MI.SSXFF AM'),'da57308b-466a-4ef2-bc8d-0b1a32a7601e',2653);
Insert into EFDMS_DB.REFRESHTOKEN (ID,EXPIRY_DATE,TOKEN,USER_ID) values (7505,to_timestamp('09-JAN-23 12.22.27.823000000 PM','DD-MON-RR HH.MI.SSXFF AM'),'22ffdc15-6099-45ab-87d7-c9629fbb897a',2653);
Insert into EFDMS_DB.REFRESHTOKEN (ID,EXPIRY_DATE,TOKEN,USER_ID) values (7956,to_timestamp('11-JAN-23 12.21.52.958000000 PM','DD-MON-RR HH.MI.SSXFF AM'),'522e8c67-f32a-4eeb-b77d-3861513df020',2653);
Insert into EFDMS_DB.REFRESHTOKEN (ID,EXPIRY_DATE,TOKEN,USER_ID) values (7968,to_timestamp('12-JAN-23 03.11.15.136000000 PM','DD-MON-RR HH.MI.SSXFF AM'),'1d516131-a402-40fe-90b6-8e928be0e8b1',2653);
Insert into EFDMS_DB.REFRESHTOKEN (ID,EXPIRY_DATE,TOKEN,USER_ID) values (7974,to_timestamp('12-JAN-23 03.11.15.148000000 PM','DD-MON-RR HH.MI.SSXFF AM'),'c597915b-0422-49ed-80ea-bc32c3963974',2653);
Insert into EFDMS_DB.REFRESHTOKEN (ID,EXPIRY_DATE,TOKEN,USER_ID) values (7977,to_timestamp('12-JAN-23 03.11.15.241000000 PM','DD-MON-RR HH.MI.SSXFF AM'),'546a494e-ab7d-4de4-b6db-d5eb97f3347d',2653);
Insert into EFDMS_DB.REFRESHTOKEN (ID,EXPIRY_DATE,TOKEN,USER_ID) values (7986,to_timestamp('12-JAN-23 04.15.49.321000000 PM','DD-MON-RR HH.MI.SSXFF AM'),'ae59a58f-5318-49f9-b543-705e9993aef3',2653);
Insert into EFDMS_DB.REFRESHTOKEN (ID,EXPIRY_DATE,TOKEN,USER_ID) values (7987,to_timestamp('13-JAN-23 11.37.27.140000000 AM','DD-MON-RR HH.MI.SSXFF AM'),'3314a4aa-bd0d-4683-89a7-76492b0a20b6',2653);
Insert into EFDMS_DB.REFRESHTOKEN (ID,EXPIRY_DATE,TOKEN,USER_ID) values (7989,to_timestamp('13-JAN-23 02.17.03.414000000 PM','DD-MON-RR HH.MI.SSXFF AM'),'5378b878-1e43-43fb-863d-0bbbc42a80e0',2653);
Insert into EFDMS_DB.REFRESHTOKEN (ID,EXPIRY_DATE,TOKEN,USER_ID) values (7992,to_timestamp('13-JAN-23 04.24.29.712000000 PM','DD-MON-RR HH.MI.SSXFF AM'),'04207cbd-0a43-4b16-8820-f69c737e7e43',2653);
Insert into EFDMS_DB.REFRESHTOKEN (ID,EXPIRY_DATE,TOKEN,USER_ID) values (8961,to_timestamp('18-JAN-23 09.13.26.130000000 AM','DD-MON-RR HH.MI.SSXFF AM'),'e88140d4-3714-485d-8a13-5caeefbf2a19',2653);
Insert into EFDMS_DB.REFRESHTOKEN (ID,EXPIRY_DATE,TOKEN,USER_ID) values (8963,to_timestamp('18-JAN-23 02.10.47.949000000 PM','DD-MON-RR HH.MI.SSXFF AM'),'db2a8472-0391-4fdd-a866-6e1adc89454d',2653);
Insert into EFDMS_DB.REFRESHTOKEN (ID,EXPIRY_DATE,TOKEN,USER_ID) values (8964,to_timestamp('18-JAN-23 03.20.04.078000000 PM','DD-MON-RR HH.MI.SSXFF AM'),'0a093954-17d8-4f52-84d1-4d9a7d4d2b4f',2653);
Insert into EFDMS_DB.REFRESHTOKEN (ID,EXPIRY_DATE,TOKEN,USER_ID) values (12652,to_timestamp('03-FEB-23 04.15.49.584000000 PM','DD-MON-RR HH.MI.SSXFF AM'),'6d4bcabe-c4df-42a4-9f52-faf5c4cceb9d',2652);
Insert into EFDMS_DB.REFRESHTOKEN (ID,EXPIRY_DATE,TOKEN,USER_ID) values (1502,to_timestamp('10-NOV-22 10.04.42.755000000 AM','DD-MON-RR HH.MI.SSXFF AM'),'82ad68e8-849e-48bb-85cf-1c2070c27dca',2653);
Insert into EFDMS_DB.REFRESHTOKEN (ID,EXPIRY_DATE,TOKEN,USER_ID) values (702,to_timestamp('03-NOV-22 09.43.14.255000000 AM','DD-MON-RR HH.MI.SSXFF AM'),'d469c324-02ce-43d6-b4b1-ed1df54e5d65',2653);
Insert into EFDMS_DB.REFRESHTOKEN (ID,EXPIRY_DATE,TOKEN,USER_ID) values (1452,to_timestamp('10-NOV-22 09.39.29.815000000 AM','DD-MON-RR HH.MI.SSXFF AM'),'0572879b-8e03-4c4c-8afd-559b7ec75c7c',2653);
Insert into EFDMS_DB.REFRESHTOKEN (ID,EXPIRY_DATE,TOKEN,USER_ID) values (1552,to_timestamp('10-NOV-22 10.11.34.044000000 AM','DD-MON-RR HH.MI.SSXFF AM'),'eb52856d-e7a7-4d3c-90b1-a4eea66b04d7',2653);
Insert into EFDMS_DB.REFRESHTOKEN (ID,EXPIRY_DATE,TOKEN,USER_ID) values (1553,to_timestamp('10-NOV-22 10.11.35.772000000 AM','DD-MON-RR HH.MI.SSXFF AM'),'ee70ae8a-c5b3-42d4-9bb8-3c82fe1c9a9e',2653);
Insert into EFDMS_DB.REFRESHTOKEN (ID,EXPIRY_DATE,TOKEN,USER_ID) values (1554,to_timestamp('10-NOV-22 10.13.28.372000000 AM','DD-MON-RR HH.MI.SSXFF AM'),'b6da9cf6-1fe1-49fc-955d-190ec4410e9d',2653);
Insert into EFDMS_DB.REFRESHTOKEN (ID,EXPIRY_DATE,TOKEN,USER_ID) values (1555,to_timestamp('10-NOV-22 10.20.49.629000000 AM','DD-MON-RR HH.MI.SSXFF AM'),'7385d6c1-b327-4f23-b4dd-36631b67bc53',2653);
Insert into EFDMS_DB.REFRESHTOKEN (ID,EXPIRY_DATE,TOKEN,USER_ID) values (1556,to_timestamp('10-NOV-22 10.20.51.417000000 AM','DD-MON-RR HH.MI.SSXFF AM'),'ed68272b-1767-4506-ba85-7f5dac2a044f',2653);
Insert into EFDMS_DB.REFRESHTOKEN (ID,EXPIRY_DATE,TOKEN,USER_ID) values (1652,to_timestamp('10-NOV-22 11.38.12.862000000 AM','DD-MON-RR HH.MI.SSXFF AM'),'2675c9ca-fdce-415f-9a59-2b389b1f7eec',2653);
Insert into EFDMS_DB.REFRESHTOKEN (ID,EXPIRY_DATE,TOKEN,USER_ID) values (1702,to_timestamp('10-NOV-22 01.02.18.652000000 PM','DD-MON-RR HH.MI.SSXFF AM'),'89dc1022-a589-46fd-a585-640b39de80fa',2653);
Insert into EFDMS_DB.REFRESHTOKEN (ID,EXPIRY_DATE,TOKEN,USER_ID) values (1752,to_timestamp('10-NOV-22 02.09.26.251000000 PM','DD-MON-RR HH.MI.SSXFF AM'),'d518fee7-cb41-4a1c-becb-980ee86f77cc',2653);
Insert into EFDMS_DB.REFRESHTOKEN (ID,EXPIRY_DATE,TOKEN,USER_ID) values (1905,to_timestamp('14-NOV-22 08.47.34.408000000 AM','DD-MON-RR HH.MI.SSXFF AM'),'bfe1f80a-7b95-4024-903c-4650acf443de',2652);
Insert into EFDMS_DB.REFRESHTOKEN (ID,EXPIRY_DATE,TOKEN,USER_ID) values (1952,to_timestamp('14-NOV-22 10.19.49.039000000 AM','DD-MON-RR HH.MI.SSXFF AM'),'51c57f89-7289-497a-9ba9-2599436cbbca',2652);
Insert into EFDMS_DB.REFRESHTOKEN (ID,EXPIRY_DATE,TOKEN,USER_ID) values (2002,to_timestamp('14-NOV-22 10.25.55.451000000 AM','DD-MON-RR HH.MI.SSXFF AM'),'791d624c-3e01-4027-9c62-f98c52cbc1e4',2652);
Insert into EFDMS_DB.REFRESHTOKEN (ID,EXPIRY_DATE,TOKEN,USER_ID) values (2052,to_timestamp('14-NOV-22 11.37.43.936000000 AM','DD-MON-RR HH.MI.SSXFF AM'),'4b6ce656-4afc-442e-9d70-3a6e3788da46',2652);
Insert into EFDMS_DB.REFRESHTOKEN (ID,EXPIRY_DATE,TOKEN,USER_ID) values (2252,to_timestamp('16-NOV-22 03.38.30.743000000 PM','DD-MON-RR HH.MI.SSXFF AM'),'875966cb-a467-4e01-ba52-7dd30a5f8e7e',2652);
Insert into EFDMS_DB.REFRESHTOKEN (ID,EXPIRY_DATE,TOKEN,USER_ID) values (7203,to_timestamp('03-JAN-23 11.42.07.976000000 AM','DD-MON-RR HH.MI.SSXFF AM'),'89e63bb7-6ace-4d10-896a-1016dde2355c',2653);
Insert into EFDMS_DB.REFRESHTOKEN (ID,EXPIRY_DATE,TOKEN,USER_ID) values (2352,to_timestamp('17-NOV-22 10.26.30.780000000 AM','DD-MON-RR HH.MI.SSXFF AM'),'02edd47e-44a3-4a4b-b78c-cfe66778fa79',2652);
Insert into EFDMS_DB.REFRESHTOKEN (ID,EXPIRY_DATE,TOKEN,USER_ID) values (2502,to_timestamp('17-NOV-22 03.52.56.865000000 PM','DD-MON-RR HH.MI.SSXFF AM'),'5d011a51-68cd-4d71-9487-405ed71b47be',2652);
Insert into EFDMS_DB.REFRESHTOKEN (ID,EXPIRY_DATE,TOKEN,USER_ID) values (2602,to_timestamp('18-NOV-22 12.33.43.130000000 PM','DD-MON-RR HH.MI.SSXFF AM'),'e457b4bf-4c03-447d-83e3-b0b0953b5fe7',2652);
Insert into EFDMS_DB.REFRESHTOKEN (ID,EXPIRY_DATE,TOKEN,USER_ID) values (2652,to_timestamp('18-NOV-22 02.20.20.900000000 PM','DD-MON-RR HH.MI.SSXFF AM'),'1b97aeaa-c39c-4aed-b589-1c15df02ba1f',2652);
Insert into EFDMS_DB.REFRESHTOKEN (ID,EXPIRY_DATE,TOKEN,USER_ID) values (3002,to_timestamp('22-NOV-22 01.48.32.599000000 PM','DD-MON-RR HH.MI.SSXFF AM'),'0b0c2eee-14af-4861-9852-677809e5b21d',2652);
Insert into EFDMS_DB.REFRESHTOKEN (ID,EXPIRY_DATE,TOKEN,USER_ID) values (3052,to_timestamp('22-NOV-22 03.06.06.793000000 PM','DD-MON-RR HH.MI.SSXFF AM'),'c2ccb00e-73a2-424e-a7d3-1190e02690cb',2652);
Insert into EFDMS_DB.REFRESHTOKEN (ID,EXPIRY_DATE,TOKEN,USER_ID) values (5156,to_timestamp('23-DEC-22 01.37.30.996000000 PM','DD-MON-RR HH.MI.SSXFF AM'),'77c289b1-1e06-4905-9b36-3106c77f607f',2653);
Insert into EFDMS_DB.REFRESHTOKEN (ID,EXPIRY_DATE,TOKEN,USER_ID) values (5157,to_timestamp('23-DEC-22 01.40.58.021000000 PM','DD-MON-RR HH.MI.SSXFF AM'),'53829f73-e4a9-484e-ad1d-ad6e63f2ef13',2653);
Insert into EFDMS_DB.REFRESHTOKEN (ID,EXPIRY_DATE,TOKEN,USER_ID) values (6003,to_timestamp('27-DEC-22 02.21.56.838000000 PM','DD-MON-RR HH.MI.SSXFF AM'),'645f3579-5e00-4371-8941-22a282a28d93',2653);
Insert into EFDMS_DB.REFRESHTOKEN (ID,EXPIRY_DATE,TOKEN,USER_ID) values (7052,to_timestamp('03-JAN-23 09.20.03.861000000 AM','DD-MON-RR HH.MI.SSXFF AM'),'44787fb7-80f4-485f-99f6-f79ddbfd005d',2653);
Insert into EFDMS_DB.REFRESHTOKEN (ID,EXPIRY_DATE,TOKEN,USER_ID) values (7053,to_timestamp('03-JAN-23 09.23.15.319000000 AM','DD-MON-RR HH.MI.SSXFF AM'),'5ff8f373-e84f-4d9a-a390-501dbf6be078',2653);
Insert into EFDMS_DB.REFRESHTOKEN (ID,EXPIRY_DATE,TOKEN,USER_ID) values (7202,to_timestamp('03-JAN-23 11.40.41.327000000 AM','DD-MON-RR HH.MI.SSXFF AM'),'48692a7e-f4d1-4bfc-b608-edf7ce8e6d4a',2653);
Insert into EFDMS_DB.REFRESHTOKEN (ID,EXPIRY_DATE,TOKEN,USER_ID) values (7303,to_timestamp('04-JAN-23 09.17.31.333000000 AM','DD-MON-RR HH.MI.SSXFF AM'),'43494a47-854c-43e4-a857-aa089d6a410a',2653);
Insert into EFDMS_DB.REFRESHTOKEN (ID,EXPIRY_DATE,TOKEN,USER_ID) values (7304,to_timestamp('04-JAN-23 09.28.53.706000000 AM','DD-MON-RR HH.MI.SSXFF AM'),'f3f9fb7f-f408-4455-b07e-786b0b4e3c26',2653);
Insert into EFDMS_DB.REFRESHTOKEN (ID,EXPIRY_DATE,TOKEN,USER_ID) values (7402,to_timestamp('04-JAN-23 04.16.23.968000000 PM','DD-MON-RR HH.MI.SSXFF AM'),'a945defe-73ba-4201-ba15-ecd82c259c7d',2653);
Insert into EFDMS_DB.REFRESHTOKEN (ID,EXPIRY_DATE,TOKEN,USER_ID) values (7457,to_timestamp('05-JAN-23 03.30.38.050000000 PM','DD-MON-RR HH.MI.SSXFF AM'),'6fb360f0-f417-452c-a5f8-f96957c1703e',2653);
Insert into EFDMS_DB.REFRESHTOKEN (ID,EXPIRY_DATE,TOKEN,USER_ID) values (7459,to_timestamp('06-JAN-23 02.08.12.680000000 PM','DD-MON-RR HH.MI.SSXFF AM'),'56d684f0-082a-4449-81d4-05c472df59c4',2653);
Insert into EFDMS_DB.REFRESHTOKEN (ID,EXPIRY_DATE,TOKEN,USER_ID) values (7503,to_timestamp('09-JAN-23 09.48.48.007000000 AM','DD-MON-RR HH.MI.SSXFF AM'),'96467844-1f45-4946-8bd3-31712b420c77',2653);
Insert into EFDMS_DB.REFRESHTOKEN (ID,EXPIRY_DATE,TOKEN,USER_ID) values (7506,to_timestamp('09-JAN-23 01.35.21.287000000 PM','DD-MON-RR HH.MI.SSXFF AM'),'8bc0d7dc-82e0-4a6f-9932-f7b6548957cd',2653);
Insert into EFDMS_DB.REFRESHTOKEN (ID,EXPIRY_DATE,TOKEN,USER_ID) values (7507,to_timestamp('09-JAN-23 02.36.47.607000000 PM','DD-MON-RR HH.MI.SSXFF AM'),'24e3f289-a3f7-40eb-bdbf-7253cb3bf08b',2653);
Insert into EFDMS_DB.REFRESHTOKEN (ID,EXPIRY_DATE,TOKEN,USER_ID) values (7508,to_timestamp('09-JAN-23 03.48.49.125000000 PM','DD-MON-RR HH.MI.SSXFF AM'),'e802682a-8031-4c21-b293-e40c6cef7e0d',2653);
Insert into EFDMS_DB.REFRESHTOKEN (ID,EXPIRY_DATE,TOKEN,USER_ID) values (7509,to_timestamp('10-JAN-23 09.29.12.337000000 AM','DD-MON-RR HH.MI.SSXFF AM'),'90b847ac-6808-4f57-aad8-7342ae10cb50',2653);
Insert into EFDMS_DB.REFRESHTOKEN (ID,EXPIRY_DATE,TOKEN,USER_ID) values (7510,to_timestamp('10-JAN-23 10.17.06.579000000 AM','DD-MON-RR HH.MI.SSXFF AM'),'c6235aa1-cb30-411e-9653-aa5310f22f69',2653);
Insert into EFDMS_DB.REFRESHTOKEN (ID,EXPIRY_DATE,TOKEN,USER_ID) values (7955,to_timestamp('11-JAN-23 10.19.56.343000000 AM','DD-MON-RR HH.MI.SSXFF AM'),'dd6f987e-6e28-4036-b13c-c63424154bd2',2653);
Insert into EFDMS_DB.REFRESHTOKEN (ID,EXPIRY_DATE,TOKEN,USER_ID) values (7957,to_timestamp('11-JAN-23 01.58.11.379000000 PM','DD-MON-RR HH.MI.SSXFF AM'),'29aa7dff-bef7-42e6-87a3-ab186b738925',2653);
Insert into EFDMS_DB.REFRESHTOKEN (ID,EXPIRY_DATE,TOKEN,USER_ID) values (7958,to_timestamp('11-JAN-23 03.01.37.867000000 PM','DD-MON-RR HH.MI.SSXFF AM'),'0d5fc1ee-aad8-41d0-906b-0ed921b868a3',2653);
Insert into EFDMS_DB.REFRESHTOKEN (ID,EXPIRY_DATE,TOKEN,USER_ID) values (7959,to_timestamp('11-JAN-23 03.05.55.703000000 PM','DD-MON-RR HH.MI.SSXFF AM'),'aae255c0-a0e3-4f1c-b4e1-68095646f0e6',2653);
Insert into EFDMS_DB.REFRESHTOKEN (ID,EXPIRY_DATE,TOKEN,USER_ID) values (7960,to_timestamp('12-JAN-23 09.24.01.284000000 AM','DD-MON-RR HH.MI.SSXFF AM'),'0e00d16f-b5dc-4de6-bb01-bc250fabce7a',2653);
Insert into EFDMS_DB.REFRESHTOKEN (ID,EXPIRY_DATE,TOKEN,USER_ID) values (7962,to_timestamp('12-JAN-23 12.31.29.480000000 PM','DD-MON-RR HH.MI.SSXFF AM'),'9d566692-7e87-4a78-8bf9-fc2d567edd81',2653);
Insert into EFDMS_DB.REFRESHTOKEN (ID,EXPIRY_DATE,TOKEN,USER_ID) values (7963,to_timestamp('12-JAN-23 02.01.25.754000000 PM','DD-MON-RR HH.MI.SSXFF AM'),'eefdadd3-8ae5-4ed2-bf36-b817c0dcb231',2653);
Insert into EFDMS_DB.REFRESHTOKEN (ID,EXPIRY_DATE,TOKEN,USER_ID) values (7964,to_timestamp('12-JAN-23 02.59.38.462000000 PM','DD-MON-RR HH.MI.SSXFF AM'),'80929683-3216-43a2-8d26-90a1fb2e6f4e',2653);
Insert into EFDMS_DB.REFRESHTOKEN (ID,EXPIRY_DATE,TOKEN,USER_ID) values (7966,to_timestamp('12-JAN-23 03.11.15.119000000 PM','DD-MON-RR HH.MI.SSXFF AM'),'7035058c-d527-4967-a5d9-395b9cde63cd',2653);
Insert into EFDMS_DB.REFRESHTOKEN (ID,EXPIRY_DATE,TOKEN,USER_ID) values (7969,to_timestamp('12-JAN-23 03.11.15.136000000 PM','DD-MON-RR HH.MI.SSXFF AM'),'79043ed5-c54e-4084-98e0-774cc5c1d03c',2653);
Insert into EFDMS_DB.REFRESHTOKEN (ID,EXPIRY_DATE,TOKEN,USER_ID) values (7973,to_timestamp('12-JAN-23 03.11.15.146000000 PM','DD-MON-RR HH.MI.SSXFF AM'),'43e2ed91-b824-47e8-92b0-37c31794c21f',2653);
Insert into EFDMS_DB.REFRESHTOKEN (ID,EXPIRY_DATE,TOKEN,USER_ID) values (7976,to_timestamp('12-JAN-23 03.11.15.219000000 PM','DD-MON-RR HH.MI.SSXFF AM'),'82ea8ebd-eb82-4b5f-a65c-9a0a34dee512',2653);
Insert into EFDMS_DB.REFRESHTOKEN (ID,EXPIRY_DATE,TOKEN,USER_ID) values (7982,to_timestamp('12-JAN-23 03.11.15.243000000 PM','DD-MON-RR HH.MI.SSXFF AM'),'1b9fa11f-fcaf-41e6-b473-6334eeaf2277',2653);
Insert into EFDMS_DB.REFRESHTOKEN (ID,EXPIRY_DATE,TOKEN,USER_ID) values (7983,to_timestamp('12-JAN-23 03.11.15.251000000 PM','DD-MON-RR HH.MI.SSXFF AM'),'4419cc12-b10c-401e-b71a-1248934ac70a',2653);
Insert into EFDMS_DB.REFRESHTOKEN (ID,EXPIRY_DATE,TOKEN,USER_ID) values (7990,to_timestamp('13-JAN-23 02.23.10.326000000 PM','DD-MON-RR HH.MI.SSXFF AM'),'7b54dd94-129a-4533-b8fb-de410f5fb5a7',2653);
Insert into EFDMS_DB.REFRESHTOKEN (ID,EXPIRY_DATE,TOKEN,USER_ID) values (7991,to_timestamp('13-JAN-23 03.24.02.015000000 PM','DD-MON-RR HH.MI.SSXFF AM'),'38899d35-e2cd-4bab-9673-73029ea1bd54',2653);
Insert into EFDMS_DB.REFRESHTOKEN (ID,EXPIRY_DATE,TOKEN,USER_ID) values (8952,to_timestamp('16-JAN-23 09.51.56.270000000 AM','DD-MON-RR HH.MI.SSXFF AM'),'00d7f52b-7e6c-4bd3-9423-641768edd6e2',2653);
Insert into EFDMS_DB.REFRESHTOKEN (ID,EXPIRY_DATE,TOKEN,USER_ID) values (8953,to_timestamp('16-JAN-23 10.04.42.945000000 AM','DD-MON-RR HH.MI.SSXFF AM'),'fd0a550e-5f76-4360-8701-6a66c62af86b',2653);
Insert into EFDMS_DB.REFRESHTOKEN (ID,EXPIRY_DATE,TOKEN,USER_ID) values (8956,to_timestamp('17-JAN-23 10.13.48.973000000 AM','DD-MON-RR HH.MI.SSXFF AM'),'064061c7-f41a-4f4f-8a72-915d8c3e5963',2653);
Insert into EFDMS_DB.REFRESHTOKEN (ID,EXPIRY_DATE,TOKEN,USER_ID) values (8957,to_timestamp('17-JAN-23 11.56.08.996000000 AM','DD-MON-RR HH.MI.SSXFF AM'),'3313eced-c922-46da-acae-cc9fb0868c9f',2653);
Insert into EFDMS_DB.REFRESHTOKEN (ID,EXPIRY_DATE,TOKEN,USER_ID) values (8959,to_timestamp('17-JAN-23 01.32.44.243000000 PM','DD-MON-RR HH.MI.SSXFF AM'),'6b9471bf-f7e4-43cf-aed7-4d67d4b577bf',2653);
Insert into EFDMS_DB.REFRESHTOKEN (ID,EXPIRY_DATE,TOKEN,USER_ID) values (8962,to_timestamp('18-JAN-23 10.17.24.492000000 AM','DD-MON-RR HH.MI.SSXFF AM'),'251cf262-b452-4c81-ad28-64cbf7523857',2653);
Insert into EFDMS_DB.REFRESHTOKEN (ID,EXPIRY_DATE,TOKEN,USER_ID) values (8966,to_timestamp('19-JAN-23 09.03.40.889000000 AM','DD-MON-RR HH.MI.SSXFF AM'),'37cfde7c-c0fd-4a37-b27b-8f610a27042b',2653);
Insert into EFDMS_DB.REFRESHTOKEN (ID,EXPIRY_DATE,TOKEN,USER_ID) values (8970,to_timestamp('19-JAN-23 01.56.27.648000000 PM','DD-MON-RR HH.MI.SSXFF AM'),'5f612798-6c57-4025-80e5-1a8834c331e4',2653);
Insert into EFDMS_DB.REFRESHTOKEN (ID,EXPIRY_DATE,TOKEN,USER_ID) values (8971,to_timestamp('19-JAN-23 02.59.14.906000000 PM','DD-MON-RR HH.MI.SSXFF AM'),'1655e5e4-7198-4736-92d0-9ceaf375b28e',2653);
Insert into EFDMS_DB.REFRESHTOKEN (ID,EXPIRY_DATE,TOKEN,USER_ID) values (8973,to_timestamp('20-JAN-23 09.21.11.419000000 AM','DD-MON-RR HH.MI.SSXFF AM'),'311e2adf-2602-4006-bda4-0e48e869e182',2653);
Insert into EFDMS_DB.REFRESHTOKEN (ID,EXPIRY_DATE,TOKEN,USER_ID) values (8974,to_timestamp('20-JAN-23 10.50.13.166000000 AM','DD-MON-RR HH.MI.SSXFF AM'),'3370e386-9c1b-4ec3-8e22-994f79a383ca',2653);
Insert into EFDMS_DB.REFRESHTOKEN (ID,EXPIRY_DATE,TOKEN,USER_ID) values (10002,to_timestamp('23-JAN-23 12.46.31.386000000 PM','DD-MON-RR HH.MI.SSXFF AM'),'57d158ff-23d2-43cf-8778-a43735728168',2653);
Insert into EFDMS_DB.REFRESHTOKEN (ID,EXPIRY_DATE,TOKEN,USER_ID) values (10003,to_timestamp('23-JAN-23 02.07.44.619000000 PM','DD-MON-RR HH.MI.SSXFF AM'),'9ffc8989-4310-4a1e-aaf2-58b13c1dc404',2653);
Insert into EFDMS_DB.REFRESHTOKEN (ID,EXPIRY_DATE,TOKEN,USER_ID) values (10006,to_timestamp('24-JAN-23 11.28.40.216000000 AM','DD-MON-RR HH.MI.SSXFF AM'),'828e0c7b-4fa0-47d6-a033-1f58f1aaa7a0',2653);
Insert into EFDMS_DB.REFRESHTOKEN (ID,EXPIRY_DATE,TOKEN,USER_ID) values (10008,to_timestamp('24-JAN-23 01.48.54.450000000 PM','DD-MON-RR HH.MI.SSXFF AM'),'fe8857f3-4a5e-4b9c-81d3-580349053154',2653);
Insert into EFDMS_DB.REFRESHTOKEN (ID,EXPIRY_DATE,TOKEN,USER_ID) values (10012,to_timestamp('25-JAN-23 10.22.37.912000000 AM','DD-MON-RR HH.MI.SSXFF AM'),'3055ff1c-13ed-46b2-a1dd-79dda42a2586',2653);
Insert into EFDMS_DB.REFRESHTOKEN (ID,EXPIRY_DATE,TOKEN,USER_ID) values (10013,to_timestamp('25-JAN-23 12.24.19.635000000 PM','DD-MON-RR HH.MI.SSXFF AM'),'b4a21691-a36c-4ba7-a2e8-46d6d8dac8b1',2653);
Insert into EFDMS_DB.REFRESHTOKEN (ID,EXPIRY_DATE,TOKEN,USER_ID) values (10014,to_timestamp('25-JAN-23 01.58.01.867000000 PM','DD-MON-RR HH.MI.SSXFF AM'),'f5a5f1e8-d8d3-4818-b956-2d085265fafb',2653);
Insert into EFDMS_DB.REFRESHTOKEN (ID,EXPIRY_DATE,TOKEN,USER_ID) values (10015,to_timestamp('25-JAN-23 02.58.38.388000000 PM','DD-MON-RR HH.MI.SSXFF AM'),'d42d7ad0-0494-46a0-a1dd-8d1b25023141',2653);
Insert into EFDMS_DB.REFRESHTOKEN (ID,EXPIRY_DATE,TOKEN,USER_ID) values (10016,to_timestamp('26-JAN-23 09.20.34.024000000 AM','DD-MON-RR HH.MI.SSXFF AM'),'f4a57743-8f97-467e-ac86-1790fe74e076',2653);
Insert into EFDMS_DB.REFRESHTOKEN (ID,EXPIRY_DATE,TOKEN,USER_ID) values (12202,to_timestamp('30-JAN-23 03.22.04.376000000 PM','DD-MON-RR HH.MI.SSXFF AM'),'4a12c190-08fb-4f0f-a7eb-1d5c41f69d8f',2653);
Insert into EFDMS_DB.REFRESHTOKEN (ID,EXPIRY_DATE,TOKEN,USER_ID) values (12203,to_timestamp('30-JAN-23 03.23.01.698000000 PM','DD-MON-RR HH.MI.SSXFF AM'),'09edf53a-8d26-47c7-be26-25e58268cac1',2652);
Insert into EFDMS_DB.REFRESHTOKEN (ID,EXPIRY_DATE,TOKEN,USER_ID) values (12153,to_timestamp('30-JAN-23 03.24.57.775000000 PM','DD-MON-RR HH.MI.SSXFF AM'),'de6ad202-14bf-4ade-9c3a-3d6bc38fa478',2652);
Insert into EFDMS_DB.REFRESHTOKEN (ID,EXPIRY_DATE,TOKEN,USER_ID) values (12307,to_timestamp('31-JAN-23 03.48.01.682000000 PM','DD-MON-RR HH.MI.SSXFF AM'),'7e345d75-379e-480d-9b77-e61f97d0c681',2652);
Insert into EFDMS_DB.REFRESHTOKEN (ID,EXPIRY_DATE,TOKEN,USER_ID) values (12502,to_timestamp('01-FEB-23 02.29.53.178000000 PM','DD-MON-RR HH.MI.SSXFF AM'),'44dd098a-6a69-4649-a107-e9cfdc2f61e3',2652);
Insert into EFDMS_DB.REFRESHTOKEN (ID,EXPIRY_DATE,TOKEN,USER_ID) values (12154,to_timestamp('01-FEB-23 03.46.47.497000000 PM','DD-MON-RR HH.MI.SSXFF AM'),'e356db47-d519-41bc-acbb-fe35fee5d05b',2652);
Insert into EFDMS_DB.REFRESHTOKEN (ID,EXPIRY_DATE,TOKEN,USER_ID) values (12155,to_timestamp('02-FEB-23 09.56.47.180000000 AM','DD-MON-RR HH.MI.SSXFF AM'),'d8533461-fead-477f-afbb-39a7115bafb1',2652);
Insert into EFDMS_DB.REFRESHTOKEN (ID,EXPIRY_DATE,TOKEN,USER_ID) values (12953,to_timestamp('06-FEB-23 10.52.52.755000000 AM','DD-MON-RR HH.MI.SSXFF AM'),'7f2c7346-9786-4daa-89a6-3e5579d0b5be',2652);
Insert into EFDMS_DB.REFRESHTOKEN (ID,EXPIRY_DATE,TOKEN,USER_ID) values (603,to_timestamp('02-NOV-22 01.04.57.646000000 PM','DD-MON-RR HH.MI.SSXFF AM'),'3b0621c7-07e9-4a64-9cab-41bd4274aeac',2652);
Insert into EFDMS_DB.REFRESHTOKEN (ID,EXPIRY_DATE,TOKEN,USER_ID) values (604,to_timestamp('02-NOV-22 01.05.10.080000000 PM','DD-MON-RR HH.MI.SSXFF AM'),'b1d1dad4-5905-46bf-a70a-aee47040de4a',2653);
Insert into EFDMS_DB.REFRESHTOKEN (ID,EXPIRY_DATE,TOKEN,USER_ID) values (652,to_timestamp('02-NOV-22 02.47.23.564000000 PM','DD-MON-RR HH.MI.SSXFF AM'),'a6bfc432-7e8a-4e64-80b0-143f11324fa4',2653);
Insert into EFDMS_DB.REFRESHTOKEN (ID,EXPIRY_DATE,TOKEN,USER_ID) values (952,to_timestamp('07-NOV-22 11.16.14.451000000 AM','DD-MON-RR HH.MI.SSXFF AM'),'fe45bb8c-569f-482b-a97d-bcbabb91fb35',2653);
Insert into EFDMS_DB.REFRESHTOKEN (ID,EXPIRY_DATE,TOKEN,USER_ID) values (1902,to_timestamp('11-NOV-22 01.54.53.801000000 PM','DD-MON-RR HH.MI.SSXFF AM'),'8ba9211c-39bb-4114-adf2-0f0819ccf741',2652);
Insert into EFDMS_DB.REFRESHTOKEN (ID,EXPIRY_DATE,TOKEN,USER_ID) values (1052,to_timestamp('08-NOV-22 12.41.55.564000000 PM','DD-MON-RR HH.MI.SSXFF AM'),'dcefed00-ea19-4ebd-bea5-5d636adbc1d3',2653);
Insert into EFDMS_DB.REFRESHTOKEN (ID,EXPIRY_DATE,TOKEN,USER_ID) values (1202,to_timestamp('08-NOV-22 01.45.13.902000000 PM','DD-MON-RR HH.MI.SSXFF AM'),'99d8229b-2b68-4500-bf1b-164552ec3e0a',2653);
Insert into EFDMS_DB.REFRESHTOKEN (ID,EXPIRY_DATE,TOKEN,USER_ID) values (1352,to_timestamp('09-NOV-22 08.40.45.546000000 AM','DD-MON-RR HH.MI.SSXFF AM'),'9b7bbf35-35a9-42a6-a2a9-5d48ccb57df3',2653);
Insert into EFDMS_DB.REFRESHTOKEN (ID,EXPIRY_DATE,TOKEN,USER_ID) values (1802,to_timestamp('11-NOV-22 10.03.01.884000000 AM','DD-MON-RR HH.MI.SSXFF AM'),'8e738b4d-f395-43ba-82c8-2c33feae1c9e',2653);
Insert into EFDMS_DB.REFRESHTOKEN (ID,EXPIRY_DATE,TOKEN,USER_ID) values (1903,to_timestamp('11-NOV-22 01.58.15.479000000 PM','DD-MON-RR HH.MI.SSXFF AM'),'aa20d830-cfad-4e11-be7a-b4a206d35b12',2652);
Insert into EFDMS_DB.REFRESHTOKEN (ID,EXPIRY_DATE,TOKEN,USER_ID) values (552,to_timestamp('02-NOV-22 11.48.52.561000000 AM','DD-MON-RR HH.MI.SSXFF AM'),'8f563528-cab0-40cf-a34f-32579a39b2a1',2552);
Insert into EFDMS_DB.REFRESHTOKEN (ID,EXPIRY_DATE,TOKEN,USER_ID) values (602,to_timestamp('02-NOV-22 01.04.48.874000000 PM','DD-MON-RR HH.MI.SSXFF AM'),'7d8805de-7088-4886-a9be-4b99d8bd2d97',2552);
Insert into EFDMS_DB.REFRESHTOKEN (ID,EXPIRY_DATE,TOKEN,USER_ID) values (1904,to_timestamp('11-NOV-22 02.01.35.811000000 PM','DD-MON-RR HH.MI.SSXFF AM'),'eb8a6136-7fc3-44cf-8ee9-a75015a94071',2652);
Insert into EFDMS_DB.REFRESHTOKEN (ID,EXPIRY_DATE,TOKEN,USER_ID) values (2102,to_timestamp('14-NOV-22 12.43.58.724000000 PM','DD-MON-RR HH.MI.SSXFF AM'),'150886e5-e1ab-497a-b9e8-3a087a1f4d4f',2652);
Insert into EFDMS_DB.REFRESHTOKEN (ID,EXPIRY_DATE,TOKEN,USER_ID) values (2152,to_timestamp('15-NOV-22 12.29.56.552000000 PM','DD-MON-RR HH.MI.SSXFF AM'),'1c3fea40-a50c-4eec-bde7-485c5e93023a',2652);
Insert into EFDMS_DB.REFRESHTOKEN (ID,EXPIRY_DATE,TOKEN,USER_ID) values (2202,to_timestamp('16-NOV-22 03.30.44.247000000 PM','DD-MON-RR HH.MI.SSXFF AM'),'feadedac-bae9-4948-b883-89565b1674c6',2652);
Insert into EFDMS_DB.REFRESHTOKEN (ID,EXPIRY_DATE,TOKEN,USER_ID) values (2302,to_timestamp('17-NOV-22 09.33.27.592000000 AM','DD-MON-RR HH.MI.SSXFF AM'),'50eda461-4b7a-4403-b70e-1b5848a2342f',2652);
Insert into EFDMS_DB.REFRESHTOKEN (ID,EXPIRY_DATE,TOKEN,USER_ID) values (2452,to_timestamp('17-NOV-22 02.36.23.829000000 PM','DD-MON-RR HH.MI.SSXFF AM'),'13f61d2a-d01e-4dc8-b95f-82665125b329',2652);
Insert into EFDMS_DB.REFRESHTOKEN (ID,EXPIRY_DATE,TOKEN,USER_ID) values (4952,to_timestamp('20-DEC-22 09.50.43.759000000 AM','DD-MON-RR HH.MI.SSXFF AM'),'4deabf2d-e052-4c7d-b555-b518b7c6d625',2653);
Insert into EFDMS_DB.REFRESHTOKEN (ID,EXPIRY_DATE,TOKEN,USER_ID) values (5002,to_timestamp('20-DEC-22 12.56.22.149000000 PM','DD-MON-RR HH.MI.SSXFF AM'),'8a5f7354-f3a0-448c-8313-5db49da19a65',2653);
Insert into EFDMS_DB.REFRESHTOKEN (ID,EXPIRY_DATE,TOKEN,USER_ID) values (5052,to_timestamp('20-DEC-22 02.27.23.490000000 PM','DD-MON-RR HH.MI.SSXFF AM'),'737c8f1f-de8f-4ced-8f17-dda10ff624c0',2653);
Insert into EFDMS_DB.REFRESHTOKEN (ID,EXPIRY_DATE,TOKEN,USER_ID) values (5053,to_timestamp('20-DEC-22 02.27.36.484000000 PM','DD-MON-RR HH.MI.SSXFF AM'),'a7d4698f-8c50-401d-b567-7d8a801ffa51',2653);
Insert into EFDMS_DB.REFRESHTOKEN (ID,EXPIRY_DATE,TOKEN,USER_ID) values (5054,to_timestamp('20-DEC-22 02.27.59.052000000 PM','DD-MON-RR HH.MI.SSXFF AM'),'8c1f6835-767a-4f55-af82-0b8bcd21248a',2653);
Insert into EFDMS_DB.REFRESHTOKEN (ID,EXPIRY_DATE,TOKEN,USER_ID) values (5055,to_timestamp('20-DEC-22 02.28.06.204000000 PM','DD-MON-RR HH.MI.SSXFF AM'),'e755c3a8-837b-4e60-8068-3e85de2548e0',2653);
Insert into EFDMS_DB.REFRESHTOKEN (ID,EXPIRY_DATE,TOKEN,USER_ID) values (5056,to_timestamp('20-DEC-22 02.39.22.114000000 PM','DD-MON-RR HH.MI.SSXFF AM'),'14d66c80-407d-4cbd-953d-7e52a9a6e202',2653);
Insert into EFDMS_DB.REFRESHTOKEN (ID,EXPIRY_DATE,TOKEN,USER_ID) values (5152,to_timestamp('22-DEC-22 03.20.57.453000000 PM','DD-MON-RR HH.MI.SSXFF AM'),'e560c05f-477a-4e16-8107-a733eaf997d5',2653);
Insert into EFDMS_DB.REFRESHTOKEN (ID,EXPIRY_DATE,TOKEN,USER_ID) values (5153,to_timestamp('22-DEC-22 03.21.45.399000000 PM','DD-MON-RR HH.MI.SSXFF AM'),'977ea80b-03f0-49a6-ba38-10ffce47fed5',2653);
Insert into EFDMS_DB.REFRESHTOKEN (ID,EXPIRY_DATE,TOKEN,USER_ID) values (5953,to_timestamp('27-DEC-22 10.44.46.863000000 AM','DD-MON-RR HH.MI.SSXFF AM'),'f0d8ed4e-5dda-4433-b323-05824dcc6390',2653);
Insert into EFDMS_DB.REFRESHTOKEN (ID,EXPIRY_DATE,TOKEN,USER_ID) values (5954,to_timestamp('27-DEC-22 10.54.24.934000000 AM','DD-MON-RR HH.MI.SSXFF AM'),'f82b3df2-6884-4c2d-b717-e8c186a1cef8',2653);
Insert into EFDMS_DB.REFRESHTOKEN (ID,EXPIRY_DATE,TOKEN,USER_ID) values (5955,to_timestamp('27-DEC-22 10.57.26.893000000 AM','DD-MON-RR HH.MI.SSXFF AM'),'96da2748-5ea2-484a-8322-865fd33824ce',2653);
Insert into EFDMS_DB.REFRESHTOKEN (ID,EXPIRY_DATE,TOKEN,USER_ID) values (6052,to_timestamp('29-DEC-22 10.20.57.800000000 AM','DD-MON-RR HH.MI.SSXFF AM'),'cdc88ba4-56b9-4dca-8ffc-0cd11ea0cabf',2653);
Insert into EFDMS_DB.REFRESHTOKEN (ID,EXPIRY_DATE,TOKEN,USER_ID) values (6102,to_timestamp('29-DEC-22 10.36.45.279000000 AM','DD-MON-RR HH.MI.SSXFF AM'),'9b9eff68-a7cf-4a95-a482-d28c47f3e012',2653);
Insert into EFDMS_DB.REFRESHTOKEN (ID,EXPIRY_DATE,TOKEN,USER_ID) values (6103,to_timestamp('29-DEC-22 10.40.13.314000000 AM','DD-MON-RR HH.MI.SSXFF AM'),'c7c312c3-bc7a-4235-a7c1-f61b15357453',2653);
Insert into EFDMS_DB.REFRESHTOKEN (ID,EXPIRY_DATE,TOKEN,USER_ID) values (6104,to_timestamp('29-DEC-22 10.40.17.481000000 AM','DD-MON-RR HH.MI.SSXFF AM'),'2835b594-60c5-47c6-8dd3-321abc246eb5',2653);
Insert into EFDMS_DB.REFRESHTOKEN (ID,EXPIRY_DATE,TOKEN,USER_ID) values (6152,to_timestamp('29-DEC-22 11.05.29.645000000 AM','DD-MON-RR HH.MI.SSXFF AM'),'05123aaf-820c-40d4-9e4e-37462562f194',2653);
Insert into EFDMS_DB.REFRESHTOKEN (ID,EXPIRY_DATE,TOKEN,USER_ID) values (6153,to_timestamp('29-DEC-22 11.06.01.203000000 AM','DD-MON-RR HH.MI.SSXFF AM'),'089e2dfe-5144-4ccc-b0e9-5aed2ca8004c',2653);
Insert into EFDMS_DB.REFRESHTOKEN (ID,EXPIRY_DATE,TOKEN,USER_ID) values (6202,to_timestamp('29-DEC-22 11.29.40.794000000 AM','DD-MON-RR HH.MI.SSXFF AM'),'6644725a-745e-4442-b156-1d88b575ca99',2653);
Insert into EFDMS_DB.REFRESHTOKEN (ID,EXPIRY_DATE,TOKEN,USER_ID) values (6252,to_timestamp('30-DEC-22 09.14.01.060000000 AM','DD-MON-RR HH.MI.SSXFF AM'),'9cf5bce6-7f46-493c-9498-8fbd16fc33db',2653);
Insert into EFDMS_DB.REFRESHTOKEN (ID,EXPIRY_DATE,TOKEN,USER_ID) values (6253,to_timestamp('30-DEC-22 09.25.50.299000000 AM','DD-MON-RR HH.MI.SSXFF AM'),'9004d470-8400-40f4-bcd1-b6f29891a7ee',2653);
Insert into EFDMS_DB.REFRESHTOKEN (ID,EXPIRY_DATE,TOKEN,USER_ID) values (6554,to_timestamp('30-DEC-22 02.15.22.624000000 PM','DD-MON-RR HH.MI.SSXFF AM'),'d9f36369-05df-4c9f-9f56-e29252aec2c3',2653);
Insert into EFDMS_DB.REFRESHTOKEN (ID,EXPIRY_DATE,TOKEN,USER_ID) values (6555,to_timestamp('30-DEC-22 03.00.57.889000000 PM','DD-MON-RR HH.MI.SSXFF AM'),'8a9dbbc4-7b77-4c49-b905-16b3086b6ab3',2653);
Insert into EFDMS_DB.REFRESHTOKEN (ID,EXPIRY_DATE,TOKEN,USER_ID) values (6557,to_timestamp('02-JAN-23 09.09.03.711000000 AM','DD-MON-RR HH.MI.SSXFF AM'),'5e1c990a-19c6-4a2e-bcda-fcd5b163dd5b',2653);
Insert into EFDMS_DB.REFRESHTOKEN (ID,EXPIRY_DATE,TOKEN,USER_ID) values (6558,to_timestamp('02-JAN-23 09.09.57.040000000 AM','DD-MON-RR HH.MI.SSXFF AM'),'1e1f9631-0270-4fbb-9299-7a34f48a9f5e',2653);
Insert into EFDMS_DB.REFRESHTOKEN (ID,EXPIRY_DATE,TOKEN,USER_ID) values (6952,to_timestamp('02-JAN-23 12.34.15.065000000 PM','DD-MON-RR HH.MI.SSXFF AM'),'19d36085-cfab-432c-bf18-6d977e8040c8',2653);
Insert into EFDMS_DB.REFRESHTOKEN (ID,EXPIRY_DATE,TOKEN,USER_ID) values (7002,to_timestamp('02-JAN-23 02.11.24.105000000 PM','DD-MON-RR HH.MI.SSXFF AM'),'d0af4b1e-92f7-4019-be55-5b68334dcd84',2653);
Insert into EFDMS_DB.REFRESHTOKEN (ID,EXPIRY_DATE,TOKEN,USER_ID) values (7502,to_timestamp('06-JAN-23 03.35.12.022000000 PM','DD-MON-RR HH.MI.SSXFF AM'),'9634163d-4036-4622-894a-b6b64b4cb13d',2653);
Insert into EFDMS_DB.REFRESHTOKEN (ID,EXPIRY_DATE,TOKEN,USER_ID) values (7961,to_timestamp('12-JAN-23 10.34.06.353000000 AM','DD-MON-RR HH.MI.SSXFF AM'),'e2e27f40-6560-49e5-8d0b-89ef67de8dba',2653);
Insert into EFDMS_DB.REFRESHTOKEN (ID,EXPIRY_DATE,TOKEN,USER_ID) values (7971,to_timestamp('12-JAN-23 03.11.15.144000000 PM','DD-MON-RR HH.MI.SSXFF AM'),'58eb080f-d87f-480e-9151-f92284422f49',2653);
Insert into EFDMS_DB.REFRESHTOKEN (ID,EXPIRY_DATE,TOKEN,USER_ID) values (7972,to_timestamp('12-JAN-23 03.11.15.145000000 PM','DD-MON-RR HH.MI.SSXFF AM'),'5a492dd0-cc7b-426e-be36-ac654b41a8d8',2653);
Insert into EFDMS_DB.REFRESHTOKEN (ID,EXPIRY_DATE,TOKEN,USER_ID) values (7978,to_timestamp('12-JAN-23 03.11.15.242000000 PM','DD-MON-RR HH.MI.SSXFF AM'),'544c675c-6595-4cdb-868b-ed07514979e5',2653);
Insert into EFDMS_DB.REFRESHTOKEN (ID,EXPIRY_DATE,TOKEN,USER_ID) values (7984,to_timestamp('12-JAN-23 03.11.15.251000000 PM','DD-MON-RR HH.MI.SSXFF AM'),'d30bbe8e-26ff-4201-a2d9-1ed887d87983',2653);
Insert into EFDMS_DB.REFRESHTOKEN (ID,EXPIRY_DATE,TOKEN,USER_ID) values (8955,to_timestamp('17-JAN-23 09.12.54.306000000 AM','DD-MON-RR HH.MI.SSXFF AM'),'476ae8ba-2407-4f78-a6c0-543c8b3b64fc',2653);
Insert into EFDMS_DB.REFRESHTOKEN (ID,EXPIRY_DATE,TOKEN,USER_ID) values (8969,to_timestamp('19-JAN-23 12.27.55.285000000 PM','DD-MON-RR HH.MI.SSXFF AM'),'d36087f8-7bb5-4434-a495-43a56096d9d3',2653);
Insert into EFDMS_DB.REFRESHTOKEN (ID,EXPIRY_DATE,TOKEN,USER_ID) values (10005,to_timestamp('24-JAN-23 10.03.34.221000000 AM','DD-MON-RR HH.MI.SSXFF AM'),'124546b3-883f-4b2c-b5c8-e87698164bf0',2653);
Insert into EFDMS_DB.REFRESHTOKEN (ID,EXPIRY_DATE,TOKEN,USER_ID) values (10007,to_timestamp('24-JAN-23 12.43.25.007000000 PM','DD-MON-RR HH.MI.SSXFF AM'),'3b94011a-95aa-4de5-bd17-5ed2611d4838',2653);
Insert into EFDMS_DB.REFRESHTOKEN (ID,EXPIRY_DATE,TOKEN,USER_ID) values (10009,to_timestamp('24-JAN-23 02.50.59.202000000 PM','DD-MON-RR HH.MI.SSXFF AM'),'77386826-c170-459c-8b8d-62cde32885b0',2653);
Insert into EFDMS_DB.REFRESHTOKEN (ID,EXPIRY_DATE,TOKEN,USER_ID) values (10010,to_timestamp('24-JAN-23 03.51.08.939000000 PM','DD-MON-RR HH.MI.SSXFF AM'),'a4f5ee9f-7c20-4901-9b79-d36b9ec7f4e0',2653);
Insert into EFDMS_DB.REFRESHTOKEN (ID,EXPIRY_DATE,TOKEN,USER_ID) values (11952,to_timestamp('30-JAN-23 12.29.42.359000000 PM','DD-MON-RR HH.MI.SSXFF AM'),'098afc70-f4a0-40b2-b951-95f0463f4ad0',2653);
Insert into EFDMS_DB.REFRESHTOKEN (ID,EXPIRY_DATE,TOKEN,USER_ID) values (12002,to_timestamp('30-JAN-23 12.38.22.155000000 PM','DD-MON-RR HH.MI.SSXFF AM'),'f00dcdfa-d50a-46c8-8f94-4a3933183917',2653);
Insert into EFDMS_DB.REFRESHTOKEN (ID,EXPIRY_DATE,TOKEN,USER_ID) values (12003,to_timestamp('30-JAN-23 12.41.50.018000000 PM','DD-MON-RR HH.MI.SSXFF AM'),'d67989fc-6482-496c-a995-cc31da89b2c6',2653);
Insert into EFDMS_DB.REFRESHTOKEN (ID,EXPIRY_DATE,TOKEN,USER_ID) values (12052,to_timestamp('30-JAN-23 12.45.42.274000000 PM','DD-MON-RR HH.MI.SSXFF AM'),'3829b744-8a5d-45ee-8bba-5bb45a5a0b30',2653);
Insert into EFDMS_DB.REFRESHTOKEN (ID,EXPIRY_DATE,TOKEN,USER_ID) values (12452,to_timestamp('01-FEB-23 02.10.03.076000000 PM','DD-MON-RR HH.MI.SSXFF AM'),'535d5b80-814e-4bad-a150-e9a0d6e135bb',2652);
Insert into EFDMS_DB.REFRESHTOKEN (ID,EXPIRY_DATE,TOKEN,USER_ID) values (12503,to_timestamp('02-FEB-23 10.14.14.257000000 AM','DD-MON-RR HH.MI.SSXFF AM'),'f3521ca4-0b87-4345-a164-01ce219fe0d0',2652);
Insert into EFDMS_DB.REFRESHTOKEN (ID,EXPIRY_DATE,TOKEN,USER_ID) values (12952,to_timestamp('06-FEB-23 10.52.52.756000000 AM','DD-MON-RR HH.MI.SSXFF AM'),'abf27862-bf23-434a-8d96-909cf851eb20',2652);
REM INSERTING into EFDMS_DB.ROLES
SET DEFINE OFF;
Insert into EFDMS_DB.ROLES (ID,CREATED_DATE,NAME,UPDATED_DATE) values (3,to_timestamp('23-OCT-22 12.52.05.189000000 PM','DD-MON-RR HH.MI.SSXFF AM'),'MANAGER',to_timestamp('23-OCT-22 12.52.05.189000000 PM','DD-MON-RR HH.MI.SSXFF AM'));
Insert into EFDMS_DB.ROLES (ID,CREATED_DATE,NAME,UPDATED_DATE) values (2,to_timestamp('23-OCT-22 12.52.05.189000000 PM','DD-MON-RR HH.MI.SSXFF AM'),'USER',to_timestamp('23-OCT-22 12.52.05.189000000 PM','DD-MON-RR HH.MI.SSXFF AM'));
Insert into EFDMS_DB.ROLES (ID,CREATED_DATE,NAME,UPDATED_DATE) values (1,to_timestamp('23-OCT-22 12.52.05.189000000 PM','DD-MON-RR HH.MI.SSXFF AM'),'ADMIN',to_timestamp('23-OCT-22 12.52.05.189000000 PM','DD-MON-RR HH.MI.SSXFF AM'));
REM INSERTING into EFDMS_DB.R_CIRCLE
SET DEFINE OFF;
REM INSERTING into EFDMS_DB.R_COMMISSION
SET DEFINE OFF;
REM INSERTING into EFDMS_DB.R_DEVICE_TYPE
SET DEFINE OFF;
Insert into EFDMS_DB.R_DEVICE_TYPE (DEVICE_TYPE_ID,DEVICE_TYPE,CREATE_USER_ACCOUNT_ID,UPDATE_USER_ACCOUNT_ID,CREATE_DATE,UPDATE_DATE,VERSION_NO,REFERENCE_STATUS_ID,UUID) values (101,'efd',2653,null,to_date('01-FEB-23','DD-MON-RR'),to_date('01-FEB-23','DD-MON-RR'),0,100,'5170d069-08ca-49d5-8f21-e815556bad9a');
REM INSERTING into EFDMS_DB.R_DIVISION
SET DEFINE OFF;
REM INSERTING into EFDMS_DB.R_DOCUMENT_STATUS
SET DEFINE OFF;
Insert into EFDMS_DB.R_DOCUMENT_STATUS (DOCUMENT_STATUS_ID,DOCUMENT_STATUS_NAME_EN,DOCUMENT_STATUS_NAME_BN,CREATE_USER_ACCOUNT_ID,UPDATE_USER_ACCOUNT_ID,CREATE_DATE,UPDATE_DATE,VERSION_NO,REFERENCE_STATUS_ID,UUID) values (110,'Active','Active',2653,null,to_date('02-JAN-23','DD-MON-RR'),to_date('02-JAN-23','DD-MON-RR'),0,100,'5a81333f-61ed-42a3-853c-7cec14493756');
REM INSERTING into EFDMS_DB.R_OFFICE
SET DEFINE OFF;
Insert into EFDMS_DB.R_OFFICE (OFFICE_ID,OFFICE_NAME_EN,OFFICE_NAME_BN,OFFICE_CODE,OFFICE_TYPE_ID,PARENT_OFFICE_ID,CREATE_USER_ACCOUNT_ID,UPDATE_USER_ACCOUNT_ID,CREATE_DATE,UPDATE_DATE,VERSION_NO,REFERENCE_STATUS_ID,UUID) values (263,'NBR','NBR','R000',100,null,2652,2652,to_date('06-FEB-23','DD-MON-RR'),to_date('06-FEB-23','DD-MON-RR'),0,100,'b07504cc-c27f-460a-8ba1-e216404b8201');
Insert into EFDMS_DB.R_OFFICE (OFFICE_ID,OFFICE_NAME_EN,OFFICE_NAME_BN,OFFICE_CODE,OFFICE_TYPE_ID,PARENT_OFFICE_ID,CREATE_USER_ACCOUNT_ID,UPDATE_USER_ACCOUNT_ID,CREATE_DATE,UPDATE_DATE,VERSION_NO,REFERENCE_STATUS_ID,UUID) values (264,'Dhaka (North)','Dhaka (North)','0273',101,263,2652,2652,to_date('06-FEB-23','DD-MON-RR'),to_date('06-FEB-23','DD-MON-RR'),0,100,'5f8fadbe-5ef2-4f58-b775-8556b960c601');
Insert into EFDMS_DB.R_OFFICE (OFFICE_ID,OFFICE_NAME_EN,OFFICE_NAME_BN,OFFICE_CODE,OFFICE_TYPE_ID,PARENT_OFFICE_ID,CREATE_USER_ACCOUNT_ID,UPDATE_USER_ACCOUNT_ID,CREATE_DATE,UPDATE_DATE,VERSION_NO,REFERENCE_STATUS_ID,UUID) values (265,'Dhaka (South)','Dhaka (South)','5679',101,263,2652,2652,to_date('06-FEB-23','DD-MON-RR'),to_date('06-FEB-23','DD-MON-RR'),0,100,'aa1e7789-36de-4a06-bf24-cb3fefce238b');
Insert into EFDMS_DB.R_OFFICE (OFFICE_ID,OFFICE_NAME_EN,OFFICE_NAME_BN,OFFICE_CODE,OFFICE_TYPE_ID,PARENT_OFFICE_ID,CREATE_USER_ACCOUNT_ID,UPDATE_USER_ACCOUNT_ID,CREATE_DATE,UPDATE_DATE,VERSION_NO,REFERENCE_STATUS_ID,UUID) values (266,'Chittagong','Chittagong','8912',101,263,2652,2652,to_date('06-FEB-23','DD-MON-RR'),to_date('06-FEB-23','DD-MON-RR'),0,100,'3dfcf98a-1505-4eec-8f52-0da1fd638213');
Insert into EFDMS_DB.R_OFFICE (OFFICE_ID,OFFICE_NAME_EN,OFFICE_NAME_BN,OFFICE_CODE,OFFICE_TYPE_ID,PARENT_OFFICE_ID,CREATE_USER_ACCOUNT_ID,UPDATE_USER_ACCOUNT_ID,CREATE_DATE,UPDATE_DATE,VERSION_NO,REFERENCE_STATUS_ID,UUID) values (267,'Tongi Division','Tongi Division','OG00',102,264,2652,2652,to_date('06-FEB-23','DD-MON-RR'),to_date('06-FEB-23','DD-MON-RR'),0,100,'ffadbb7c-b4cd-4e94-b5a0-39af16603960');
Insert into EFDMS_DB.R_OFFICE (OFFICE_ID,OFFICE_NAME_EN,OFFICE_NAME_BN,OFFICE_CODE,OFFICE_TYPE_ID,PARENT_OFFICE_ID,CREATE_USER_ACCOUNT_ID,UPDATE_USER_ACCOUNT_ID,CREATE_DATE,UPDATE_DATE,VERSION_NO,REFERENCE_STATUS_ID,UUID) values (268,'Agrabad Division','Agrabad Division','OF00',102,266,2652,2652,to_date('06-FEB-23','DD-MON-RR'),to_date('06-FEB-23','DD-MON-RR'),0,100,'3ff94567-f5b4-442a-9332-e3c6aeb12d87');
Insert into EFDMS_DB.R_OFFICE (OFFICE_ID,OFFICE_NAME_EN,OFFICE_NAME_BN,OFFICE_CODE,OFFICE_TYPE_ID,PARENT_OFFICE_ID,CREATE_USER_ACCOUNT_ID,UPDATE_USER_ACCOUNT_ID,CREATE_DATE,UPDATE_DATE,VERSION_NO,REFERENCE_STATUS_ID,UUID) values (269,'Demra Division','Demra Division','OD00',102,265,2652,2652,to_date('06-FEB-23','DD-MON-RR'),to_date('06-FEB-23','DD-MON-RR'),0,100,'68f41df7-e138-4813-af4d-c96029561385');
Insert into EFDMS_DB.R_OFFICE (OFFICE_ID,OFFICE_NAME_EN,OFFICE_NAME_BN,OFFICE_CODE,OFFICE_TYPE_ID,PARENT_OFFICE_ID,CREATE_USER_ACCOUNT_ID,UPDATE_USER_ACCOUNT_ID,CREATE_DATE,UPDATE_DATE,VERSION_NO,REFERENCE_STATUS_ID,UUID) values (270,'Segunbaghicha','Segunbaghicha','OS00',102,265,2652,2652,to_date('06-FEB-23','DD-MON-RR'),to_date('06-FEB-23','DD-MON-RR'),0,100,'4b1b3d3c-fbf8-48a4-a70c-e3d9c7b0ff36');
Insert into EFDMS_DB.R_OFFICE (OFFICE_ID,OFFICE_NAME_EN,OFFICE_NAME_BN,OFFICE_CODE,OFFICE_TYPE_ID,PARENT_OFFICE_ID,CREATE_USER_ACCOUNT_ID,UPDATE_USER_ACCOUNT_ID,CREATE_DATE,UPDATE_DATE,VERSION_NO,REFERENCE_STATUS_ID,UUID) values (272,'Tongi Circle','Tongi Circle','D1C01',103,267,2652,2652,to_date('06-FEB-23','DD-MON-RR'),to_date('06-FEB-23','DD-MON-RR'),0,100,'2ef272f5-144e-4858-9dee-9afa0693e7ee');
Insert into EFDMS_DB.R_OFFICE (OFFICE_ID,OFFICE_NAME_EN,OFFICE_NAME_BN,OFFICE_CODE,OFFICE_TYPE_ID,PARENT_OFFICE_ID,CREATE_USER_ACCOUNT_ID,UPDATE_USER_ACCOUNT_ID,CREATE_DATE,UPDATE_DATE,VERSION_NO,REFERENCE_STATUS_ID,UUID) values (273,'Paltan Circle','Paltan Circle','D1C02',103,270,2652,2652,to_date('06-FEB-23','DD-MON-RR'),to_date('06-FEB-23','DD-MON-RR'),0,100,'bbdf465d-16a1-4f47-8240-046384ea4c64');
REM INSERTING into EFDMS_DB.R_OFFICE_TYPE
SET DEFINE OFF;
Insert into EFDMS_DB.R_OFFICE_TYPE (OFFICE_TYPE_ID,OFFICE_TYPE_NAME_EN,OFFICE_TYPE_NAME_BN,CREATE_USER_ACCOUNT_ID,UPDATE_USER_ACCOUNT_ID,CREATE_DATE,UPDATE_DATE,VERSION_NO,REFERENCE_STATUS_ID,UUID) values (101,'Commissionerate','Commissionerate',51,null,to_date('06-FEB-23','DD-MON-RR'),to_date('06-FEB-23','DD-MON-RR'),0,100,'5a81333f-61ed-42a3-853c-7cec14493756');
Insert into EFDMS_DB.R_OFFICE_TYPE (OFFICE_TYPE_ID,OFFICE_TYPE_NAME_EN,OFFICE_TYPE_NAME_BN,CREATE_USER_ACCOUNT_ID,UPDATE_USER_ACCOUNT_ID,CREATE_DATE,UPDATE_DATE,VERSION_NO,REFERENCE_STATUS_ID,UUID) values (103,'Circle','Circle',51,null,to_date('06-FEB-23','DD-MON-RR'),to_date('06-FEB-23','DD-MON-RR'),0,100,'5a81333f-61ed-42a3-853c-7cec14493756');
Insert into EFDMS_DB.R_OFFICE_TYPE (OFFICE_TYPE_ID,OFFICE_TYPE_NAME_EN,OFFICE_TYPE_NAME_BN,CREATE_USER_ACCOUNT_ID,UPDATE_USER_ACCOUNT_ID,CREATE_DATE,UPDATE_DATE,VERSION_NO,REFERENCE_STATUS_ID,UUID) values (102,'Division','Division',51,null,to_date('06-FEB-23','DD-MON-RR'),to_date('06-FEB-23','DD-MON-RR'),0,100,'5a81333f-61ed-42a3-853c-7cec14493756');
Insert into EFDMS_DB.R_OFFICE_TYPE (OFFICE_TYPE_ID,OFFICE_TYPE_NAME_EN,OFFICE_TYPE_NAME_BN,CREATE_USER_ACCOUNT_ID,UPDATE_USER_ACCOUNT_ID,CREATE_DATE,UPDATE_DATE,VERSION_NO,REFERENCE_STATUS_ID,UUID) values (100,'NONE','NONE',51,null,to_date('06-FEB-23','DD-MON-RR'),to_date('06-FEB-23','DD-MON-RR'),0,100,'5a81333f-61ed-42a3-853c-7cec14493756');
REM INSERTING into EFDMS_DB.R_OUTLET
SET DEFINE OFF;
REM INSERTING into EFDMS_DB.R_REFERENCE_STATUS
SET DEFINE OFF;
Insert into EFDMS_DB.R_REFERENCE_STATUS (REFERENCE_STATUS_ID,REFERENCE_NAME_EN,REFERENCE_NAME_BN,REFERENCE_DESC,CREATE_USER_ACCOUNT_ID,CREATE_DATE,UPDATE_USER_ACCOUNT_ID,UPDATE_DATE,VERSION_NO,UUID) values (100,'Active','Active',null,2653,to_date('02-JAN-23','DD-MON-RR'),null,to_date('02-JAN-23','DD-MON-RR'),0,'81d2a4e9-e04d-444e-8b1b-857bec84d89c');
Insert into EFDMS_DB.R_REFERENCE_STATUS (REFERENCE_STATUS_ID,REFERENCE_NAME_EN,REFERENCE_NAME_BN,REFERENCE_DESC,CREATE_USER_ACCOUNT_ID,CREATE_DATE,UPDATE_USER_ACCOUNT_ID,UPDATE_DATE,VERSION_NO,UUID) values (101,'Inactive','Inactive',null,2653,to_date('02-JAN-23','DD-MON-RR'),null,to_date('02-JAN-23','DD-MON-RR'),0,'5170d069-08ca-49d5-8f21-e815556bad9a');
REM INSERTING into EFDMS_DB.R_REGISTRATION_TYPE
SET DEFINE OFF;
REM INSERTING into EFDMS_DB.R_SECTOR
SET DEFINE OFF;
REM INSERTING into EFDMS_DB.R_STORE
SET DEFINE OFF;
Insert into EFDMS_DB.R_STORE (STORE_ID,WAREHOUSE_ID,STORE_NAME_EN,STORE_NAME_BN,STORE_LOCATION,SEND_BACK_REASON,REFERENCE_STATUS_ID,CREATE_USER_ACCOUNT_ID,UPDATE_USER_ACCOUNT_ID,CREATE_DATE,UPDATE_DATE,VERSION_NO,UUID) values (226,224,'My Store','My Store','Sector 12',null,null,2652,null,to_date('31-JAN-23','DD-MON-RR'),to_date('31-JAN-23','DD-MON-RR'),0,'1d8da8ad-3e75-48be-9834-d449385204aa');
REM INSERTING into EFDMS_DB.R_TAXPAYER_TYPE
SET DEFINE OFF;
REM INSERTING into EFDMS_DB.R_TAX_TYPE
SET DEFINE OFF;
REM INSERTING into EFDMS_DB.R_VENDOR
SET DEFINE OFF;
Insert into EFDMS_DB.R_VENDOR (VENDOR_ID,VENDOR_NAME_EN,VENDOR_NAME_BN,VENDOR_TIN,VENDOR_BIN,CONTACT_NAME,CONTACT_MOBILE,CONTACT_EMAIL,SEND_BACK_REASON,CREATE_USER_ACCOUNT_ID,UPDATE_USER_ACCOUNT_ID,CREATE_DATE,UPDATE_DATE,VERSION_NO,REFERENCE_STATUS_ID,UUID) values (117,'INFOSYS','????','224147378586','19311037316','Rana Shakkur','01717822055','info@infosys.com',null,2653,null,to_date('02-JAN-23','DD-MON-RR'),to_date('02-JAN-23','DD-MON-RR'),0,100,'a2977a6b-e480-40d1-b3bf-3fe4be28bac1');
Insert into EFDMS_DB.R_VENDOR (VENDOR_ID,VENDOR_NAME_EN,VENDOR_NAME_BN,VENDOR_TIN,VENDOR_BIN,CONTACT_NAME,CONTACT_MOBILE,CONTACT_EMAIL,SEND_BACK_REASON,CREATE_USER_ACCOUNT_ID,UPDATE_USER_ACCOUNT_ID,CREATE_DATE,UPDATE_DATE,VERSION_NO,REFERENCE_STATUS_ID,UUID) values (206,'sadfsad',null,null,null,null,null,null,null,2653,null,to_date('22-JAN-23','DD-MON-RR'),to_date('22-JAN-23','DD-MON-RR'),0,100,'b925033a-07ea-4572-9044-bd4a7f7ed317');
Insert into EFDMS_DB.R_VENDOR (VENDOR_ID,VENDOR_NAME_EN,VENDOR_NAME_BN,VENDOR_TIN,VENDOR_BIN,CONTACT_NAME,CONTACT_MOBILE,CONTACT_EMAIL,SEND_BACK_REASON,CREATE_USER_ACCOUNT_ID,UPDATE_USER_ACCOUNT_ID,CREATE_DATE,UPDATE_DATE,VERSION_NO,REFERENCE_STATUS_ID,UUID) values (207,'sdfsadf','sdafsadf',null,null,null,null,null,null,2653,null,to_date('22-JAN-23','DD-MON-RR'),to_date('22-JAN-23','DD-MON-RR'),0,100,'413a6ae2-44cd-4605-9292-f873df6f6efc');
Insert into EFDMS_DB.R_VENDOR (VENDOR_ID,VENDOR_NAME_EN,VENDOR_NAME_BN,VENDOR_TIN,VENDOR_BIN,CONTACT_NAME,CONTACT_MOBILE,CONTACT_EMAIL,SEND_BACK_REASON,CREATE_USER_ACCOUNT_ID,UPDATE_USER_ACCOUNT_ID,CREATE_DATE,UPDATE_DATE,VERSION_NO,REFERENCE_STATUS_ID,UUID) values (114,'GENEX Infosys','???????','224187378586','19211037316','Shahed Ahmed Shimul','01707822055','info@genexinfrastructure.com',null,2653,null,to_date('02-JAN-23','DD-MON-RR'),to_date('02-JAN-23','DD-MON-RR'),0,100,'a858fde9-bf1a-48d6-bccc-86ae9660b852');
Insert into EFDMS_DB.R_VENDOR (VENDOR_ID,VENDOR_NAME_EN,VENDOR_NAME_BN,VENDOR_TIN,VENDOR_BIN,CONTACT_NAME,CONTACT_MOBILE,CONTACT_EMAIL,SEND_BACK_REASON,CREATE_USER_ACCOUNT_ID,UPDATE_USER_ACCOUNT_ID,CREATE_DATE,UPDATE_DATE,VERSION_NO,REFERENCE_STATUS_ID,UUID) values (212,'bangladesh_bn','bangladesh_bn','bangladesh_tin','bangladesh_bin','bangladesh_contact_name','01256987521','bangladesh@gmail.com',null,2653,2653,to_date('24-JAN-23','DD-MON-RR'),to_date('25-JAN-23','DD-MON-RR'),5,100,'da4c8a90-b2ee-4c6c-a632-8a0fa7333a69');
Insert into EFDMS_DB.R_VENDOR (VENDOR_ID,VENDOR_NAME_EN,VENDOR_NAME_BN,VENDOR_TIN,VENDOR_BIN,CONTACT_NAME,CONTACT_MOBILE,CONTACT_EMAIL,SEND_BACK_REASON,CREATE_USER_ACCOUNT_ID,UPDATE_USER_ACCOUNT_ID,CREATE_DATE,UPDATE_DATE,VERSION_NO,REFERENCE_STATUS_ID,UUID) values (221,'RANAR IT','????? ????','326525552','3625632','RANAR CONTACT NAME','01707822235','info@gmail.com',null,2652,null,to_date('30-JAN-23','DD-MON-RR'),to_date('30-JAN-23','DD-MON-RR'),0,100,'19a481a0-0192-4853-95a3-cef11e20ece1');
Insert into EFDMS_DB.R_VENDOR (VENDOR_ID,VENDOR_NAME_EN,VENDOR_NAME_BN,VENDOR_TIN,VENDOR_BIN,CONTACT_NAME,CONTACT_MOBILE,CONTACT_EMAIL,SEND_BACK_REASON,CREATE_USER_ACCOUNT_ID,UPDATE_USER_ACCOUNT_ID,CREATE_DATE,UPDATE_DATE,VERSION_NO,REFERENCE_STATUS_ID,UUID) values (210,'whatsinaname','whatsinaname','whatsinaname_tin','whatsinaname_bin','whatsinaname_contact_name','0123654987','whatsinaname@email.com',null,2653,2653,to_date('23-JAN-23','DD-MON-RR'),to_date('24-JAN-23','DD-MON-RR'),4,100,'1e11fd22-4f0b-4b88-95e3-4d22683b30a8');
Insert into EFDMS_DB.R_VENDOR (VENDOR_ID,VENDOR_NAME_EN,VENDOR_NAME_BN,VENDOR_TIN,VENDOR_BIN,CONTACT_NAME,CONTACT_MOBILE,CONTACT_EMAIL,SEND_BACK_REASON,CREATE_USER_ACCOUNT_ID,UPDATE_USER_ACCOUNT_ID,CREATE_DATE,UPDATE_DATE,VERSION_NO,REFERENCE_STATUS_ID,UUID) values (211,'ss','bababasadfsadf','sadfsadf','asfsadf','sadfsadf','asdfsadf','dsfsadfasd',null,2653,2653,to_date('23-JAN-23','DD-MON-RR'),to_date('24-JAN-23','DD-MON-RR'),8,100,'97ef3bca-56e0-4b19-9efe-53ed5a48cbd9');
Insert into EFDMS_DB.R_VENDOR (VENDOR_ID,VENDOR_NAME_EN,VENDOR_NAME_BN,VENDOR_TIN,VENDOR_BIN,CONTACT_NAME,CONTACT_MOBILE,CONTACT_EMAIL,SEND_BACK_REASON,CREATE_USER_ACCOUNT_ID,UPDATE_USER_ACCOUNT_ID,CREATE_DATE,UPDATE_DATE,VERSION_NO,REFERENCE_STATUS_ID,UUID) values (209,null,null,null,null,null,null,null,null,2653,null,to_date('23-JAN-23','DD-MON-RR'),to_date('23-JAN-23','DD-MON-RR'),0,100,'7e520c3c-2b91-4695-8c48-d402572e4898');
Insert into EFDMS_DB.R_VENDOR (VENDOR_ID,VENDOR_NAME_EN,VENDOR_NAME_BN,VENDOR_TIN,VENDOR_BIN,CONTACT_NAME,CONTACT_MOBILE,CONTACT_EMAIL,SEND_BACK_REASON,CREATE_USER_ACCOUNT_ID,UPDATE_USER_ACCOUNT_ID,CREATE_DATE,UPDATE_DATE,VERSION_NO,REFERENCE_STATUS_ID,UUID) values (232,'MYIT','????+????','326515554','3625132','MY CONTACT NAME','01711283365','myit@gmail.com',null,2652,null,to_date('01-FEB-23','DD-MON-RR'),to_date('01-FEB-23','DD-MON-RR'),0,100,'af4019eb-258f-45fc-86af-38ee8ec6b49c');
REM INSERTING into EFDMS_DB.R_WAREHOUSE
SET DEFINE OFF;
Insert into EFDMS_DB.R_WAREHOUSE (WAREHOUSE_ID,VENDOR_ID,WAREHOUSE_NAME_EN,WAREHOUSE_NAME_BN,WAREHOUSE_LOCATION,SEND_BACK_REASON,REFERENCE_STATUS_ID,CREATE_USER_ACCOUNT_ID,UPDATE_USER_ACCOUNT_ID,CREATE_DATE,UPDATE_DATE,VERSION_NO,UUID) values (224,221,'Sonargaon Janapath Warehouse','????????? ???? ??????????','Uttara, Dhaka',null,null,2652,null,to_date('31-JAN-23','DD-MON-RR'),to_date('31-JAN-23','DD-MON-RR'),0,'9eddc35b-d80f-478c-b9e4-6c3a4f710f77');
REM INSERTING into EFDMS_DB.S_ROLES
SET DEFINE OFF;
REM INSERTING into EFDMS_DB.S_USERS
SET DEFINE OFF;
REM INSERTING into EFDMS_DB.TBLPRODUCT
SET DEFINE OFF;
Insert into EFDMS_DB.TBLPRODUCT (ID,PRODUCT,PRICE) values (1,'P1',20);
Insert into EFDMS_DB.TBLPRODUCT (ID,PRODUCT,PRICE) values (2,'P2',30);
Insert into EFDMS_DB.TBLPRODUCT (ID,PRODUCT,PRICE) values (3,'P3',40);
REM INSERTING into EFDMS_DB.TBLSTORE
SET DEFINE OFF;
Insert into EFDMS_DB.TBLSTORE (STOREID,STORE,PRODUCT,QUANTITY) values (1,'S1','P2',20);
Insert into EFDMS_DB.TBLSTORE (STOREID,STORE,PRODUCT,QUANTITY) values (2,'S2','P2',30);
Insert into EFDMS_DB.TBLSTORE (STOREID,STORE,PRODUCT,QUANTITY) values (3,'S2','P3',20);
Insert into EFDMS_DB.TBLSTORE (STOREID,STORE,PRODUCT,QUANTITY) values (4,'S3','P1',40);
Insert into EFDMS_DB.TBLSTORE (STOREID,STORE,PRODUCT,QUANTITY) values (5,'S3','P2',10);
Insert into EFDMS_DB.TBLSTORE (STOREID,STORE,PRODUCT,QUANTITY) values (6,'S3','P3',10);
Insert into EFDMS_DB.TBLSTORE (STOREID,STORE,PRODUCT,QUANTITY) values (7,'S4','P1',40);
Insert into EFDMS_DB.TBLSTORE (STOREID,STORE,PRODUCT,QUANTITY) values (8,'S4','P3',30);
REM INSERTING into EFDMS_DB.T_DEVICE
SET DEFINE OFF;
Insert into EFDMS_DB.T_DEVICE (DEVICE_ID,DEVICE_NUMBER,DEVICE_TYPE_ID,DEVICE_MODEL,DEVICE_BRAND,DEVICE_MANUFACTURER,STORE_ID,IS_ACTIVATED,IS_INITIATED,IS_LOCKED,DOCUMENT_STATUS_ID,CREATE_USER_ACCOUNT_ID,UPDATE_USER_ACCOUNT_ID,CREATE_DATE,UPDATE_DATE,VERSION_NO,UUID) values (245,12000,101,'deviceModel','deviceBrand','deviceManufacturer',226,'1','1','0',110,2652,null,to_date('02-FEB-23','DD-MON-RR'),to_date('02-FEB-23','DD-MON-RR'),0,'5a6ab444-3c53-4e7c-9211-ab157479d797');
REM INSERTING into EFDMS_DB.T_DEVICE_TRANSACTION
SET DEFINE OFF;
REM INSERTING into EFDMS_DB.T_RULE
SET DEFINE OFF;
REM INSERTING into EFDMS_DB.T_SD_SERVICE_CATEGORY
SET DEFINE OFF;
REM INSERTING into EFDMS_DB.T_SD_TYPE
SET DEFINE OFF;
REM INSERTING into EFDMS_DB.T_SHIPPING
SET DEFINE OFF;
REM INSERTING into EFDMS_DB.T_TAXPAYER
SET DEFINE OFF;
REM INSERTING into EFDMS_DB.T_TAXPAYER_DEVICE
SET DEFINE OFF;
REM INSERTING into EFDMS_DB.T_TAX_CATEGORY
SET DEFINE OFF;
REM INSERTING into EFDMS_DB.T_VAT_POLICY
SET DEFINE OFF;
REM INSERTING into EFDMS_DB.T_VAT_TYPE
SET DEFINE OFF;
REM INSERTING into EFDMS_DB.USERS
SET DEFINE OFF;
Insert into EFDMS_DB.USERS (ID,CREATED_DATE,EMAIL,ENABLED,PASSWORD,UPDATED_DATE,USERNAME,NAME,IS_OTP) values (6952,to_timestamp('29-DEC-22 12.54.26.293000000 PM','DD-MON-RR HH.MI.SSXFF AM'),'samsung@gmail.com',0,'$2a$10$D/9M7pQLkDwXxYmi9IjbkuzHFcEq/YjynNNvHMDWY.8pXBkUPLgvK',to_timestamp('29-DEC-22 12.54.26.293000000 PM','DD-MON-RR HH.MI.SSXFF AM'),'samsung','Sam Sung','0');
Insert into EFDMS_DB.USERS (ID,CREATED_DATE,EMAIL,ENABLED,PASSWORD,UPDATED_DATE,USERNAME,NAME,IS_OTP) values (5952,to_timestamp('20-DEC-22 09.57.13.331000000 AM','DD-MON-RR HH.MI.SSXFF AM'),'username@gmail.com',0,'$2a$10$CMuchY8BdjBNs6I1v.22OuX4MqDgz7BjIqT1Ist4EhIrJ9WfBbyxa',to_timestamp('20-DEC-22 09.57.13.331000000 AM','DD-MON-RR HH.MI.SSXFF AM'),'username','Full name','0');
Insert into EFDMS_DB.USERS (ID,CREATED_DATE,EMAIL,ENABLED,PASSWORD,UPDATED_DATE,USERNAME,NAME,IS_OTP) values (6003,to_timestamp('21-DEC-22 09.04.51.720000000 AM','DD-MON-RR HH.MI.SSXFF AM'),'ranashakur@gmail.com',0,'$2a$10$fASoonk5zk0sDmO.dsgGwez65Ix26GaHouMF1jJ0K3jy.e67Sarpe',to_timestamp('21-DEC-22 09.04.51.720000000 AM','DD-MON-RR HH.MI.SSXFF AM'),'ranashakur','Full name','1');
Insert into EFDMS_DB.USERS (ID,CREATED_DATE,EMAIL,ENABLED,PASSWORD,UPDATED_DATE,USERNAME,NAME,IS_OTP) values (6002,to_timestamp('20-DEC-22 03.41.55.745000000 PM','DD-MON-RR HH.MI.SSXFF AM'),'bangaldesh@mgila.com',0,'$2a$10$XcDjrZi76UhRbBDp3ZgIOuUC.8zQgQWLaICkz7cyQkIlheyvlTglK',to_timestamp('20-DEC-22 03.41.55.745000000 PM','DD-MON-RR HH.MI.SSXFF AM'),'usernamss','Full name','0');
Insert into EFDMS_DB.USERS (ID,CREATED_DATE,EMAIL,ENABLED,PASSWORD,UPDATED_DATE,USERNAME,NAME,IS_OTP) values (2552,to_timestamp('01-NOV-22 11.35.39.193000000 AM','DD-MON-RR HH.MI.SSXFF AM'),'manager@ibas.gov.bd',0,'$2a$10$hIs2Sp5oCFaSZ2XtA55KTu9jLaO17sWEz28NR5FKBDc8owJeQjcQa',to_timestamp('01-NOV-22 11.35.39.193000000 AM','DD-MON-RR HH.MI.SSXFF AM'),'manager','Full name','0');
Insert into EFDMS_DB.USERS (ID,CREATED_DATE,EMAIL,ENABLED,PASSWORD,UPDATED_DATE,USERNAME,NAME,IS_OTP) values (2652,to_timestamp('01-NOV-22 12.47.41.500000000 PM','DD-MON-RR HH.MI.SSXFF AM'),'luser@ibas.gov.bd',0,'$2a$10$F8RiFEMfzmO53tjfdHqfz.rrC7G63qcj9u1QEGBC.VdBDigG3wIyC',to_timestamp('01-NOV-22 12.47.41.500000000 PM','DD-MON-RR HH.MI.SSXFF AM'),'luser','Full name','1');
Insert into EFDMS_DB.USERS (ID,CREATED_DATE,EMAIL,ENABLED,PASSWORD,UPDATED_DATE,USERNAME,NAME,IS_OTP) values (2653,to_timestamp('01-NOV-22 12.55.43.442000000 PM','DD-MON-RR HH.MI.SSXFF AM'),'admin@ibas.gov.bd',0,'$2a$10$fASoonk5zk0sDmO.dsgGwez65Ix26GaHouMF1jJ0K3jy.e67Sarpe',to_timestamp('01-NOV-22 12.55.43.442000000 PM','DD-MON-RR HH.MI.SSXFF AM'),'admin','Full name','0');
REM INSERTING into EFDMS_DB.USER_ROLES
SET DEFINE OFF;
Insert into EFDMS_DB.USER_ROLES (USER_ID,ROLE_ID) values (2552,3);
Insert into EFDMS_DB.USER_ROLES (USER_ID,ROLE_ID) values (2652,2);
Insert into EFDMS_DB.USER_ROLES (USER_ID,ROLE_ID) values (2653,1);
Insert into EFDMS_DB.USER_ROLES (USER_ID,ROLE_ID) values (5952,2);
Insert into EFDMS_DB.USER_ROLES (USER_ID,ROLE_ID) values (6002,2);
Insert into EFDMS_DB.USER_ROLES (USER_ID,ROLE_ID) values (6003,1);
Insert into EFDMS_DB.USER_ROLES (USER_ID,ROLE_ID) values (6952,2);
--------------------------------------------------------
--  DDL for Index UK1_DEVICE
--------------------------------------------------------

  CREATE UNIQUE INDEX "EFDMS_DB"."UK1_DEVICE" ON "EFDMS_DB"."T_DEVICE" ("DEVICE_NUMBER") 
  PCTFREE 10 INITRANS 2 MAXTRANS 255 COMPUTE STATISTICS 
  STORAGE(INITIAL 65536 NEXT 1048576 MINEXTENTS 1 MAXEXTENTS 2147483645
  PCTINCREASE 0 FREELISTS 1 FREELIST GROUPS 1
  BUFFER_POOL DEFAULT FLASH_CACHE DEFAULT CELL_FLASH_CACHE DEFAULT)
  TABLESPACE "EFDMS_DB" ;
--------------------------------------------------------
--  DDL for Index UK1_OFFICE
--------------------------------------------------------

  CREATE UNIQUE INDEX "EFDMS_DB"."UK1_OFFICE" ON "EFDMS_DB"."R_OFFICE" ("OFFICE_NAME_EN") 
  PCTFREE 10 INITRANS 2 MAXTRANS 255 COMPUTE STATISTICS 
  STORAGE(INITIAL 65536 NEXT 1048576 MINEXTENTS 1 MAXEXTENTS 2147483645
  PCTINCREASE 0 FREELISTS 1 FREELIST GROUPS 1
  BUFFER_POOL DEFAULT FLASH_CACHE DEFAULT CELL_FLASH_CACHE DEFAULT)
  TABLESPACE "EFDMS_DB" ;
--------------------------------------------------------
--  DDL for Index UK1_OFFICE_TYPE
--------------------------------------------------------

  CREATE UNIQUE INDEX "EFDMS_DB"."UK1_OFFICE_TYPE" ON "EFDMS_DB"."R_OFFICE_TYPE" ("OFFICE_TYPE_NAME_EN") 
  PCTFREE 10 INITRANS 2 MAXTRANS 255 COMPUTE STATISTICS 
  STORAGE(INITIAL 65536 NEXT 1048576 MINEXTENTS 1 MAXEXTENTS 2147483645
  PCTINCREASE 0 FREELISTS 1 FREELIST GROUPS 1
  BUFFER_POOL DEFAULT FLASH_CACHE DEFAULT CELL_FLASH_CACHE DEFAULT)
  TABLESPACE "EFDMS_DB" ;
--------------------------------------------------------
--  DDL for Index UK1_OUTLET
--------------------------------------------------------

  CREATE UNIQUE INDEX "EFDMS_DB"."UK1_OUTLET" ON "EFDMS_DB"."R_OUTLET" ("OUTLET_NAME_EN") 
  PCTFREE 10 INITRANS 2 MAXTRANS 255 COMPUTE STATISTICS 
  TABLESPACE "EFDMS_DB" ;
--------------------------------------------------------
--  DDL for Index UK1_REGISTRATION_TYPE
--------------------------------------------------------

  CREATE UNIQUE INDEX "EFDMS_DB"."UK1_REGISTRATION_TYPE" ON "EFDMS_DB"."R_REGISTRATION_TYPE" ("REGISTRATION_TYPE_NAME_EN") 
  PCTFREE 10 INITRANS 2 MAXTRANS 255 COMPUTE STATISTICS 
  TABLESPACE "EFDMS_DB" ;
--------------------------------------------------------
--  DDL for Index UK1_RULE
--------------------------------------------------------

  CREATE UNIQUE INDEX "EFDMS_DB"."UK1_RULE" ON "EFDMS_DB"."T_RULE" ("RULE_NAME_EN") 
  PCTFREE 10 INITRANS 2 MAXTRANS 255 COMPUTE STATISTICS 
  TABLESPACE "EFDMS_DB" ;
--------------------------------------------------------
--  DDL for Index UK1_SD_SERVICE_CATEGORY
--------------------------------------------------------

  CREATE UNIQUE INDEX "EFDMS_DB"."UK1_SD_SERVICE_CATEGORY" ON "EFDMS_DB"."T_SD_SERVICE_CATEGORY" ("SERVICE_NAME_EN") 
  PCTFREE 10 INITRANS 2 MAXTRANS 255 COMPUTE STATISTICS 
  TABLESPACE "EFDMS_DB" ;
--------------------------------------------------------
--  DDL for Index UK1_SD_TYPE
--------------------------------------------------------

  CREATE UNIQUE INDEX "EFDMS_DB"."UK1_SD_TYPE" ON "EFDMS_DB"."T_SD_TYPE" ("SD_TYPE_EN") 
  PCTFREE 10 INITRANS 2 MAXTRANS 255 COMPUTE STATISTICS 
  TABLESPACE "EFDMS_DB" ;
--------------------------------------------------------
--  DDL for Index UK1_SECTOR
--------------------------------------------------------

  CREATE UNIQUE INDEX "EFDMS_DB"."UK1_SECTOR" ON "EFDMS_DB"."R_SECTOR" ("SECTOR_NAME_EN") 
  PCTFREE 10 INITRANS 2 MAXTRANS 255 COMPUTE STATISTICS 
  TABLESPACE "EFDMS_DB" ;
--------------------------------------------------------
--  DDL for Index UK1_STORE
--------------------------------------------------------

  CREATE UNIQUE INDEX "EFDMS_DB"."UK1_STORE" ON "EFDMS_DB"."R_STORE" ("STORE_NAME_EN") 
  PCTFREE 10 INITRANS 2 MAXTRANS 255 COMPUTE STATISTICS 
  STORAGE(INITIAL 65536 NEXT 1048576 MINEXTENTS 1 MAXEXTENTS 2147483645
  PCTINCREASE 0 FREELISTS 1 FREELIST GROUPS 1
  BUFFER_POOL DEFAULT FLASH_CACHE DEFAULT CELL_FLASH_CACHE DEFAULT)
  TABLESPACE "EFDMS_DB" ;
--------------------------------------------------------
--  DDL for Index UK1_TAXPAYER_TYPE
--------------------------------------------------------

  CREATE UNIQUE INDEX "EFDMS_DB"."UK1_TAXPAYER_TYPE" ON "EFDMS_DB"."R_TAXPAYER_TYPE" ("TAXPAYER_TYPE_NAME_EN") 
  PCTFREE 10 INITRANS 2 MAXTRANS 255 COMPUTE STATISTICS 
  TABLESPACE "EFDMS_DB" ;
--------------------------------------------------------
--  DDL for Index UK1_TAX_CATEGORY
--------------------------------------------------------

  CREATE UNIQUE INDEX "EFDMS_DB"."UK1_TAX_CATEGORY" ON "EFDMS_DB"."T_TAX_CATEGORY" ("CATEGORY_NAME_EN") 
  PCTFREE 10 INITRANS 2 MAXTRANS 255 COMPUTE STATISTICS 
  TABLESPACE "EFDMS_DB" ;
--------------------------------------------------------
--  DDL for Index UK1_TAX_TYPE
--------------------------------------------------------

  CREATE UNIQUE INDEX "EFDMS_DB"."UK1_TAX_TYPE" ON "EFDMS_DB"."R_TAX_TYPE" ("TAX_TYPE_NAME_EN") 
  PCTFREE 10 INITRANS 2 MAXTRANS 255 COMPUTE STATISTICS 
  TABLESPACE "EFDMS_DB" ;
--------------------------------------------------------
--  DDL for Index UK1_VAT_TYPE
--------------------------------------------------------

  CREATE UNIQUE INDEX "EFDMS_DB"."UK1_VAT_TYPE" ON "EFDMS_DB"."T_VAT_TYPE" ("VAT_TYPE_EN") 
  PCTFREE 10 INITRANS 2 MAXTRANS 255 COMPUTE STATISTICS 
  TABLESPACE "EFDMS_DB" ;
--------------------------------------------------------
--  DDL for Index UK1_VENDOR
--------------------------------------------------------

  CREATE UNIQUE INDEX "EFDMS_DB"."UK1_VENDOR" ON "EFDMS_DB"."R_VENDOR" ("VENDOR_TIN") 
  PCTFREE 10 INITRANS 2 MAXTRANS 255 COMPUTE STATISTICS 
  STORAGE(INITIAL 65536 NEXT 1048576 MINEXTENTS 1 MAXEXTENTS 2147483645
  PCTINCREASE 0 FREELISTS 1 FREELIST GROUPS 1
  BUFFER_POOL DEFAULT FLASH_CACHE DEFAULT CELL_FLASH_CACHE DEFAULT)
  TABLESPACE "EFDMS_DB" ;
--------------------------------------------------------
--  DDL for Index UK1_WAREHOUSE
--------------------------------------------------------

  CREATE UNIQUE INDEX "EFDMS_DB"."UK1_WAREHOUSE" ON "EFDMS_DB"."R_WAREHOUSE" ("WAREHOUSE_NAME_EN") 
  PCTFREE 10 INITRANS 2 MAXTRANS 255 COMPUTE STATISTICS 
  STORAGE(INITIAL 65536 NEXT 1048576 MINEXTENTS 1 MAXEXTENTS 2147483645
  PCTINCREASE 0 FREELISTS 1 FREELIST GROUPS 1
  BUFFER_POOL DEFAULT FLASH_CACHE DEFAULT CELL_FLASH_CACHE DEFAULT)
  TABLESPACE "EFDMS_DB" ;
--------------------------------------------------------
--  DDL for Index UK2_OFFICE
--------------------------------------------------------

  CREATE UNIQUE INDEX "EFDMS_DB"."UK2_OFFICE" ON "EFDMS_DB"."R_OFFICE" ("OFFICE_CODE") 
  PCTFREE 10 INITRANS 2 MAXTRANS 255 COMPUTE STATISTICS 
  STORAGE(INITIAL 65536 NEXT 1048576 MINEXTENTS 1 MAXEXTENTS 2147483645
  PCTINCREASE 0 FREELISTS 1 FREELIST GROUPS 1
  BUFFER_POOL DEFAULT FLASH_CACHE DEFAULT CELL_FLASH_CACHE DEFAULT)
  TABLESPACE "EFDMS_DB" ;
--------------------------------------------------------
--  DDL for Index UK2_VENDOR
--------------------------------------------------------

  CREATE UNIQUE INDEX "EFDMS_DB"."UK2_VENDOR" ON "EFDMS_DB"."R_VENDOR" ("VENDOR_BIN") 
  PCTFREE 10 INITRANS 2 MAXTRANS 255 COMPUTE STATISTICS 
  STORAGE(INITIAL 65536 NEXT 1048576 MINEXTENTS 1 MAXEXTENTS 2147483645
  PCTINCREASE 0 FREELISTS 1 FREELIST GROUPS 1
  BUFFER_POOL DEFAULT FLASH_CACHE DEFAULT CELL_FLASH_CACHE DEFAULT)
  TABLESPACE "EFDMS_DB" ;
--------------------------------------------------------
--  DDL for Index UK4_VENDOR
--------------------------------------------------------

  CREATE UNIQUE INDEX "EFDMS_DB"."UK4_VENDOR" ON "EFDMS_DB"."R_VENDOR" ("CONTACT_EMAIL") 
  PCTFREE 10 INITRANS 2 MAXTRANS 255 COMPUTE STATISTICS 
  STORAGE(INITIAL 65536 NEXT 1048576 MINEXTENTS 1 MAXEXTENTS 2147483645
  PCTINCREASE 0 FREELISTS 1 FREELIST GROUPS 1
  BUFFER_POOL DEFAULT FLASH_CACHE DEFAULT CELL_FLASH_CACHE DEFAULT)
  TABLESPACE "EFDMS_DB" ;
--------------------------------------------------------
--  DDL for Index UK_CIRCLE_CODE
--------------------------------------------------------

  CREATE UNIQUE INDEX "EFDMS_DB"."UK_CIRCLE_CODE" ON "EFDMS_DB"."R_CIRCLE" ("CIRCLE_CODE") 
  PCTFREE 10 INITRANS 2 MAXTRANS 255 COMPUTE STATISTICS 
  TABLESPACE "EFDMS_DB" ;
--------------------------------------------------------
--  DDL for Index UK_COMMISSION_COMMISSION_CODE
--------------------------------------------------------

  CREATE UNIQUE INDEX "EFDMS_DB"."UK_COMMISSION_COMMISSION_CODE" ON "EFDMS_DB"."R_COMMISSION" ("COMMISSION_CODE") 
  PCTFREE 10 INITRANS 2 MAXTRANS 255 COMPUTE STATISTICS 
  TABLESPACE "EFDMS_DB" ;
--------------------------------------------------------
--  DDL for Index UK_DEVICE_TYPE
--------------------------------------------------------

  CREATE UNIQUE INDEX "EFDMS_DB"."UK_DEVICE_TYPE" ON "EFDMS_DB"."R_DEVICE_TYPE" ("DEVICE_TYPE") 
  PCTFREE 10 INITRANS 2 MAXTRANS 255 COMPUTE STATISTICS 
  STORAGE(INITIAL 65536 NEXT 1048576 MINEXTENTS 1 MAXEXTENTS 2147483645
  PCTINCREASE 0 FREELISTS 1 FREELIST GROUPS 1
  BUFFER_POOL DEFAULT FLASH_CACHE DEFAULT CELL_FLASH_CACHE DEFAULT)
  TABLESPACE "EFDMS_DB" ;
--------------------------------------------------------
--  DDL for Index UK_DIVISION_CODE
--------------------------------------------------------

  CREATE UNIQUE INDEX "EFDMS_DB"."UK_DIVISION_CODE" ON "EFDMS_DB"."R_DIVISION" ("DIVISION_CODE") 
  PCTFREE 10 INITRANS 2 MAXTRANS 255 COMPUTE STATISTICS 
  TABLESPACE "EFDMS_DB" ;
--------------------------------------------------------
--  DDL for Index UK_DOCUMENT_STATUS
--------------------------------------------------------

  CREATE UNIQUE INDEX "EFDMS_DB"."UK_DOCUMENT_STATUS" ON "EFDMS_DB"."R_DOCUMENT_STATUS" ("DOCUMENT_STATUS_NAME_EN") 
  PCTFREE 10 INITRANS 2 MAXTRANS 255 COMPUTE STATISTICS 
  STORAGE(INITIAL 65536 NEXT 1048576 MINEXTENTS 1 MAXEXTENTS 2147483645
  PCTINCREASE 0 FREELISTS 1 FREELIST GROUPS 1
  BUFFER_POOL DEFAULT FLASH_CACHE DEFAULT CELL_FLASH_CACHE DEFAULT)
  TABLESPACE "EFDMS_DB" ;
--------------------------------------------------------
--  DDL for Index UK_OR156WBNEYK8NOO4JSTV55II3
--------------------------------------------------------

  CREATE UNIQUE INDEX "EFDMS_DB"."UK_OR156WBNEYK8NOO4JSTV55II3" ON "EFDMS_DB"."REFRESHTOKEN" ("TOKEN") 
  PCTFREE 10 INITRANS 2 MAXTRANS 255 COMPUTE STATISTICS 
  STORAGE(INITIAL 65536 NEXT 1048576 MINEXTENTS 1 MAXEXTENTS 2147483645
  PCTINCREASE 0 FREELISTS 1 FREELIST GROUPS 1
  BUFFER_POOL DEFAULT FLASH_CACHE DEFAULT CELL_FLASH_CACHE DEFAULT)
  TABLESPACE "EFDMS_DB" ;
--------------------------------------------------------
--  DDL for Index UK_REFERENCE_STATUS
--------------------------------------------------------

  CREATE UNIQUE INDEX "EFDMS_DB"."UK_REFERENCE_STATUS" ON "EFDMS_DB"."R_REFERENCE_STATUS" ("REFERENCE_NAME_EN") 
  PCTFREE 10 INITRANS 2 MAXTRANS 255 COMPUTE STATISTICS 
  STORAGE(INITIAL 65536 NEXT 1048576 MINEXTENTS 1 MAXEXTENTS 2147483645
  PCTINCREASE 0 FREELISTS 1 FREELIST GROUPS 1
  BUFFER_POOL DEFAULT FLASH_CACHE DEFAULT CELL_FLASH_CACHE DEFAULT)
  TABLESPACE "EFDMS_DB" ;
--------------------------------------------------------
--  DDL for Index UK_SX468G52BPETVLAD2J9Y0LPTC
--------------------------------------------------------

  CREATE UNIQUE INDEX "EFDMS_DB"."UK_SX468G52BPETVLAD2J9Y0LPTC" ON "EFDMS_DB"."USERS" ("EMAIL") 
  PCTFREE 10 INITRANS 2 MAXTRANS 255 COMPUTE STATISTICS 
  STORAGE(INITIAL 65536 NEXT 1048576 MINEXTENTS 1 MAXEXTENTS 2147483645
  PCTINCREASE 0 FREELISTS 1 FREELIST GROUPS 1
  BUFFER_POOL DEFAULT FLASH_CACHE DEFAULT CELL_FLASH_CACHE DEFAULT)
  TABLESPACE "EFDMS_DB" ;
--------------------------------------------------------
--  DDL for Index UL3_VENDOR
--------------------------------------------------------

  CREATE UNIQUE INDEX "EFDMS_DB"."UL3_VENDOR" ON "EFDMS_DB"."R_VENDOR" ("CONTACT_MOBILE") 
  PCTFREE 10 INITRANS 2 MAXTRANS 255 COMPUTE STATISTICS 
  STORAGE(INITIAL 65536 NEXT 1048576 MINEXTENTS 1 MAXEXTENTS 2147483645
  PCTINCREASE 0 FREELISTS 1 FREELIST GROUPS 1
  BUFFER_POOL DEFAULT FLASH_CACHE DEFAULT CELL_FLASH_CACHE DEFAULT)
  TABLESPACE "EFDMS_DB" ;
--------------------------------------------------------
--  DDL for Index uk1_email
--------------------------------------------------------

  CREATE UNIQUE INDEX "EFDMS_DB"."uk1_email" ON "EFDMS_DB"."S_USERS" ("EMAIL") 
  PCTFREE 10 INITRANS 2 MAXTRANS 255 COMPUTE STATISTICS 
  TABLESPACE "EFDMS_DB" ;
--------------------------------------------------------
--  DDL for Index PK_DEVICE
--------------------------------------------------------

  CREATE UNIQUE INDEX "EFDMS_DB"."PK_DEVICE" ON "EFDMS_DB"."T_DEVICE" ("DEVICE_ID") 
  PCTFREE 10 INITRANS 2 MAXTRANS 255 COMPUTE STATISTICS 
  STORAGE(INITIAL 65536 NEXT 1048576 MINEXTENTS 1 MAXEXTENTS 2147483645
  PCTINCREASE 0 FREELISTS 1 FREELIST GROUPS 1
  BUFFER_POOL DEFAULT FLASH_CACHE DEFAULT CELL_FLASH_CACHE DEFAULT)
  TABLESPACE "EFDMS_DB" ;
--------------------------------------------------------
--  DDL for Index PK_DEVICE_TRANSACTION
--------------------------------------------------------

  CREATE UNIQUE INDEX "EFDMS_DB"."PK_DEVICE_TRANSACTION" ON "EFDMS_DB"."T_DEVICE_TRANSACTION" ("DEVICE_TRANSACTION_ID") 
  PCTFREE 10 INITRANS 2 MAXTRANS 255 COMPUTE STATISTICS 
  TABLESPACE "EFDMS_DB" ;
--------------------------------------------------------
--  DDL for Index PK_DEVICE_TYPE
--------------------------------------------------------

  CREATE UNIQUE INDEX "EFDMS_DB"."PK_DEVICE_TYPE" ON "EFDMS_DB"."R_DEVICE_TYPE" ("DEVICE_TYPE_ID") 
  PCTFREE 10 INITRANS 2 MAXTRANS 255 COMPUTE STATISTICS 
  STORAGE(INITIAL 65536 NEXT 1048576 MINEXTENTS 1 MAXEXTENTS 2147483645
  PCTINCREASE 0 FREELISTS 1 FREELIST GROUPS 1
  BUFFER_POOL DEFAULT FLASH_CACHE DEFAULT CELL_FLASH_CACHE DEFAULT)
  TABLESPACE "EFDMS_DB" ;
--------------------------------------------------------
--  DDL for Index PK_DOCUMENT_STATUS
--------------------------------------------------------

  CREATE UNIQUE INDEX "EFDMS_DB"."PK_DOCUMENT_STATUS" ON "EFDMS_DB"."R_DOCUMENT_STATUS" ("DOCUMENT_STATUS_ID") 
  PCTFREE 10 INITRANS 2 MAXTRANS 255 COMPUTE STATISTICS 
  STORAGE(INITIAL 65536 NEXT 1048576 MINEXTENTS 1 MAXEXTENTS 2147483645
  PCTINCREASE 0 FREELISTS 1 FREELIST GROUPS 1
  BUFFER_POOL DEFAULT FLASH_CACHE DEFAULT CELL_FLASH_CACHE DEFAULT)
  TABLESPACE "EFDMS_DB" ;
--------------------------------------------------------
--  DDL for Index PK_OFFICE
--------------------------------------------------------

  CREATE UNIQUE INDEX "EFDMS_DB"."PK_OFFICE" ON "EFDMS_DB"."R_OFFICE" ("OFFICE_ID") 
  PCTFREE 10 INITRANS 2 MAXTRANS 255 COMPUTE STATISTICS 
  STORAGE(INITIAL 65536 NEXT 1048576 MINEXTENTS 1 MAXEXTENTS 2147483645
  PCTINCREASE 0 FREELISTS 1 FREELIST GROUPS 1
  BUFFER_POOL DEFAULT FLASH_CACHE DEFAULT CELL_FLASH_CACHE DEFAULT)
  TABLESPACE "EFDMS_DB" ;
--------------------------------------------------------
--  DDL for Index PK_OFFICE_TYPE
--------------------------------------------------------

  CREATE UNIQUE INDEX "EFDMS_DB"."PK_OFFICE_TYPE" ON "EFDMS_DB"."R_OFFICE_TYPE" ("OFFICE_TYPE_ID") 
  PCTFREE 10 INITRANS 2 MAXTRANS 255 COMPUTE STATISTICS 
  STORAGE(INITIAL 65536 NEXT 1048576 MINEXTENTS 1 MAXEXTENTS 2147483645
  PCTINCREASE 0 FREELISTS 1 FREELIST GROUPS 1
  BUFFER_POOL DEFAULT FLASH_CACHE DEFAULT CELL_FLASH_CACHE DEFAULT)
  TABLESPACE "EFDMS_DB" ;
--------------------------------------------------------
--  DDL for Index PK_OUTLET
--------------------------------------------------------

  CREATE UNIQUE INDEX "EFDMS_DB"."PK_OUTLET" ON "EFDMS_DB"."R_OUTLET" ("OUTLET_ID") 
  PCTFREE 10 INITRANS 2 MAXTRANS 255 COMPUTE STATISTICS 
  TABLESPACE "EFDMS_DB" ;
--------------------------------------------------------
--  DDL for Index PK_REFERENCE_STATUS
--------------------------------------------------------

  CREATE UNIQUE INDEX "EFDMS_DB"."PK_REFERENCE_STATUS" ON "EFDMS_DB"."R_REFERENCE_STATUS" ("REFERENCE_STATUS_ID") 
  PCTFREE 10 INITRANS 2 MAXTRANS 255 COMPUTE STATISTICS 
  STORAGE(INITIAL 65536 NEXT 1048576 MINEXTENTS 1 MAXEXTENTS 2147483645
  PCTINCREASE 0 FREELISTS 1 FREELIST GROUPS 1
  BUFFER_POOL DEFAULT FLASH_CACHE DEFAULT CELL_FLASH_CACHE DEFAULT)
  TABLESPACE "EFDMS_DB" ;
--------------------------------------------------------
--  DDL for Index PK_REGISTRATION_TYPE
--------------------------------------------------------

  CREATE UNIQUE INDEX "EFDMS_DB"."PK_REGISTRATION_TYPE" ON "EFDMS_DB"."R_REGISTRATION_TYPE" ("REGISTRATION_TYPE_ID") 
  PCTFREE 10 INITRANS 2 MAXTRANS 255 COMPUTE STATISTICS 
  TABLESPACE "EFDMS_DB" ;
--------------------------------------------------------
--  DDL for Index PK_ROLE_ID
--------------------------------------------------------

  CREATE UNIQUE INDEX "EFDMS_DB"."PK_ROLE_ID" ON "EFDMS_DB"."S_ROLES" ("ROLE_ID") 
  PCTFREE 10 INITRANS 2 MAXTRANS 255 COMPUTE STATISTICS 
  TABLESPACE "EFDMS_DB" ;
--------------------------------------------------------
--  DDL for Index PK_RULE
--------------------------------------------------------

  CREATE UNIQUE INDEX "EFDMS_DB"."PK_RULE" ON "EFDMS_DB"."T_RULE" ("RULE_ID") 
  PCTFREE 10 INITRANS 2 MAXTRANS 255 COMPUTE STATISTICS 
  TABLESPACE "EFDMS_DB" ;
--------------------------------------------------------
--  DDL for Index PK_R_CIRCLE
--------------------------------------------------------

  CREATE UNIQUE INDEX "EFDMS_DB"."PK_R_CIRCLE" ON "EFDMS_DB"."R_CIRCLE" ("CIRCLE_ID") 
  PCTFREE 10 INITRANS 2 MAXTRANS 255 COMPUTE STATISTICS 
  TABLESPACE "EFDMS_DB" ;
--------------------------------------------------------
--  DDL for Index PK_R_COMMISSION
--------------------------------------------------------

  CREATE UNIQUE INDEX "EFDMS_DB"."PK_R_COMMISSION" ON "EFDMS_DB"."R_COMMISSION" ("COMMISSION_ID") 
  PCTFREE 10 INITRANS 2 MAXTRANS 255 COMPUTE STATISTICS 
  TABLESPACE "EFDMS_DB" ;
--------------------------------------------------------
--  DDL for Index PK_R_DIVISION
--------------------------------------------------------

  CREATE UNIQUE INDEX "EFDMS_DB"."PK_R_DIVISION" ON "EFDMS_DB"."R_DIVISION" ("DIVISION_ID") 
  PCTFREE 10 INITRANS 2 MAXTRANS 255 COMPUTE STATISTICS 
  TABLESPACE "EFDMS_DB" ;
--------------------------------------------------------
--  DDL for Index PK_SD_SERVICE_CATEGORY
--------------------------------------------------------

  CREATE UNIQUE INDEX "EFDMS_DB"."PK_SD_SERVICE_CATEGORY" ON "EFDMS_DB"."T_SD_SERVICE_CATEGORY" ("SD_SERVICE_CATEGORY_ID") 
  PCTFREE 10 INITRANS 2 MAXTRANS 255 COMPUTE STATISTICS 
  TABLESPACE "EFDMS_DB" ;
--------------------------------------------------------
--  DDL for Index PK_SD_TYPE
--------------------------------------------------------

  CREATE UNIQUE INDEX "EFDMS_DB"."PK_SD_TYPE" ON "EFDMS_DB"."T_SD_TYPE" ("SD_TYPE_ID") 
  PCTFREE 10 INITRANS 2 MAXTRANS 255 COMPUTE STATISTICS 
  TABLESPACE "EFDMS_DB" ;
--------------------------------------------------------
--  DDL for Index PK_SECTOR
--------------------------------------------------------

  CREATE UNIQUE INDEX "EFDMS_DB"."PK_SECTOR" ON "EFDMS_DB"."R_SECTOR" ("SECTOR_ID") 
  PCTFREE 10 INITRANS 2 MAXTRANS 255 COMPUTE STATISTICS 
  TABLESPACE "EFDMS_DB" ;
--------------------------------------------------------
--  DDL for Index PK_SHIPPING
--------------------------------------------------------

  CREATE UNIQUE INDEX "EFDMS_DB"."PK_SHIPPING" ON "EFDMS_DB"."T_SHIPPING" ("SHIPPING_ID") 
  PCTFREE 10 INITRANS 2 MAXTRANS 255 COMPUTE STATISTICS 
  TABLESPACE "EFDMS_DB" ;
--------------------------------------------------------
--  DDL for Index PK_STORE
--------------------------------------------------------

  CREATE UNIQUE INDEX "EFDMS_DB"."PK_STORE" ON "EFDMS_DB"."R_STORE" ("STORE_ID") 
  PCTFREE 10 INITRANS 2 MAXTRANS 255 COMPUTE STATISTICS 
  STORAGE(INITIAL 65536 NEXT 1048576 MINEXTENTS 1 MAXEXTENTS 2147483645
  PCTINCREASE 0 FREELISTS 1 FREELIST GROUPS 1
  BUFFER_POOL DEFAULT FLASH_CACHE DEFAULT CELL_FLASH_CACHE DEFAULT)
  TABLESPACE "EFDMS_DB" ;
--------------------------------------------------------
--  DDL for Index PK_TAXPAYER
--------------------------------------------------------

  CREATE UNIQUE INDEX "EFDMS_DB"."PK_TAXPAYER" ON "EFDMS_DB"."T_TAXPAYER" ("TAXPAYER_ID") 
  PCTFREE 10 INITRANS 2 MAXTRANS 255 COMPUTE STATISTICS 
  TABLESPACE "EFDMS_DB" ;
--------------------------------------------------------
--  DDL for Index PK_TAXPAYER_DEVICE
--------------------------------------------------------

  CREATE UNIQUE INDEX "EFDMS_DB"."PK_TAXPAYER_DEVICE" ON "EFDMS_DB"."T_TAXPAYER_DEVICE" ("TAXPAYER_DEVICE_ID") 
  PCTFREE 10 INITRANS 2 MAXTRANS 255 COMPUTE STATISTICS 
  TABLESPACE "EFDMS_DB" ;
--------------------------------------------------------
--  DDL for Index PK_TAXPAYER_TYPE
--------------------------------------------------------

  CREATE UNIQUE INDEX "EFDMS_DB"."PK_TAXPAYER_TYPE" ON "EFDMS_DB"."R_TAXPAYER_TYPE" ("TAXPAYER_TYPE_ID") 
  PCTFREE 10 INITRANS 2 MAXTRANS 255 COMPUTE STATISTICS 
  TABLESPACE "EFDMS_DB" ;
--------------------------------------------------------
--  DDL for Index PK_TAX_CATEGORY
--------------------------------------------------------

  CREATE UNIQUE INDEX "EFDMS_DB"."PK_TAX_CATEGORY" ON "EFDMS_DB"."T_TAX_CATEGORY" ("TAX_CATEGORY_ID") 
  PCTFREE 10 INITRANS 2 MAXTRANS 255 COMPUTE STATISTICS 
  TABLESPACE "EFDMS_DB" ;
--------------------------------------------------------
--  DDL for Index PK_TAX_TYPE
--------------------------------------------------------

  CREATE UNIQUE INDEX "EFDMS_DB"."PK_TAX_TYPE" ON "EFDMS_DB"."R_TAX_TYPE" ("TAX_TYPE_ID") 
  PCTFREE 10 INITRANS 2 MAXTRANS 255 COMPUTE STATISTICS 
  TABLESPACE "EFDMS_DB" ;
--------------------------------------------------------
--  DDL for Index PK_USER_ID
--------------------------------------------------------

  CREATE UNIQUE INDEX "EFDMS_DB"."PK_USER_ID" ON "EFDMS_DB"."S_USERS" ("USER_ID") 
  PCTFREE 10 INITRANS 2 MAXTRANS 255 COMPUTE STATISTICS 
  TABLESPACE "EFDMS_DB" ;
--------------------------------------------------------
--  DDL for Index PK_VAT_POLICY
--------------------------------------------------------

  CREATE UNIQUE INDEX "EFDMS_DB"."PK_VAT_POLICY" ON "EFDMS_DB"."T_VAT_POLICY" ("VAT_POLICY_ID") 
  PCTFREE 10 INITRANS 2 MAXTRANS 255 COMPUTE STATISTICS 
  TABLESPACE "EFDMS_DB" ;
--------------------------------------------------------
--  DDL for Index PK_VAT_TYPE
--------------------------------------------------------

  CREATE UNIQUE INDEX "EFDMS_DB"."PK_VAT_TYPE" ON "EFDMS_DB"."T_VAT_TYPE" ("VAT_TYPE_ID") 
  PCTFREE 10 INITRANS 2 MAXTRANS 255 COMPUTE STATISTICS 
  TABLESPACE "EFDMS_DB" ;
--------------------------------------------------------
--  DDL for Index PK_VENDOR
--------------------------------------------------------

  CREATE UNIQUE INDEX "EFDMS_DB"."PK_VENDOR" ON "EFDMS_DB"."R_VENDOR" ("VENDOR_ID") 
  PCTFREE 10 INITRANS 2 MAXTRANS 255 COMPUTE STATISTICS 
  STORAGE(INITIAL 65536 NEXT 1048576 MINEXTENTS 1 MAXEXTENTS 2147483645
  PCTINCREASE 0 FREELISTS 1 FREELIST GROUPS 1
  BUFFER_POOL DEFAULT FLASH_CACHE DEFAULT CELL_FLASH_CACHE DEFAULT)
  TABLESPACE "EFDMS_DB" ;
--------------------------------------------------------
--  DDL for Index PK_WAREHOUSE
--------------------------------------------------------

  CREATE UNIQUE INDEX "EFDMS_DB"."PK_WAREHOUSE" ON "EFDMS_DB"."R_WAREHOUSE" ("WAREHOUSE_ID") 
  PCTFREE 10 INITRANS 2 MAXTRANS 255 COMPUTE STATISTICS 
  STORAGE(INITIAL 65536 NEXT 1048576 MINEXTENTS 1 MAXEXTENTS 2147483645
  PCTINCREASE 0 FREELISTS 1 FREELIST GROUPS 1
  BUFFER_POOL DEFAULT FLASH_CACHE DEFAULT CELL_FLASH_CACHE DEFAULT)
  TABLESPACE "EFDMS_DB" ;
--------------------------------------------------------
--  Constraints for Table T_VAT_POLICY
--------------------------------------------------------

  ALTER TABLE "EFDMS_DB"."T_VAT_POLICY" MODIFY ("VAT_POLICY_ID" NOT NULL ENABLE);
  ALTER TABLE "EFDMS_DB"."T_VAT_POLICY" MODIFY ("HS_CODE" NOT NULL ENABLE);
  ALTER TABLE "EFDMS_DB"."T_VAT_POLICY" MODIFY ("VAT_RATE" NOT NULL ENABLE);
  ALTER TABLE "EFDMS_DB"."T_VAT_POLICY" MODIFY ("VAT_TYPE_ID" NOT NULL ENABLE);
  ALTER TABLE "EFDMS_DB"."T_VAT_POLICY" MODIFY ("SD_RATE" NOT NULL ENABLE);
  ALTER TABLE "EFDMS_DB"."T_VAT_POLICY" MODIFY ("EFFECTIVE_FROM" NOT NULL ENABLE);
  ALTER TABLE "EFDMS_DB"."T_VAT_POLICY" MODIFY ("POLICY_DESCRIPTION" NOT NULL ENABLE);
  ALTER TABLE "EFDMS_DB"."T_VAT_POLICY" ADD CONSTRAINT "PK_VAT_POLICY" PRIMARY KEY ("VAT_POLICY_ID")
  USING INDEX PCTFREE 10 INITRANS 2 MAXTRANS 255 COMPUTE STATISTICS 
  TABLESPACE "EFDMS_DB"  ENABLE;
--------------------------------------------------------
--  Constraints for Table R_TAX_TYPE
--------------------------------------------------------

  ALTER TABLE "EFDMS_DB"."R_TAX_TYPE" MODIFY ("TAX_TYPE_ID" NOT NULL ENABLE);
  ALTER TABLE "EFDMS_DB"."R_TAX_TYPE" ADD CONSTRAINT "PK_TAX_TYPE" PRIMARY KEY ("TAX_TYPE_ID")
  USING INDEX PCTFREE 10 INITRANS 2 MAXTRANS 255 COMPUTE STATISTICS 
  TABLESPACE "EFDMS_DB"  ENABLE;
  ALTER TABLE "EFDMS_DB"."R_TAX_TYPE" ADD CONSTRAINT "UK1_TAX_TYPE" UNIQUE ("TAX_TYPE_NAME_EN")
  USING INDEX PCTFREE 10 INITRANS 2 MAXTRANS 255 COMPUTE STATISTICS 
  TABLESPACE "EFDMS_DB"  ENABLE;
--------------------------------------------------------
--  Constraints for Table USERS
--------------------------------------------------------

  ALTER TABLE "EFDMS_DB"."USERS" MODIFY ("ID" NOT NULL ENABLE);
  ALTER TABLE "EFDMS_DB"."USERS" MODIFY ("CREATED_DATE" NOT NULL ENABLE);
  ALTER TABLE "EFDMS_DB"."USERS" MODIFY ("ENABLED" NOT NULL ENABLE);
  ALTER TABLE "EFDMS_DB"."USERS" MODIFY ("UPDATED_DATE" NOT NULL ENABLE);
  ALTER TABLE "EFDMS_DB"."USERS" ADD PRIMARY KEY ("ID")
  USING INDEX PCTFREE 10 INITRANS 2 MAXTRANS 255 COMPUTE STATISTICS 
  STORAGE(INITIAL 65536 NEXT 1048576 MINEXTENTS 1 MAXEXTENTS 2147483645
  PCTINCREASE 0 FREELISTS 1 FREELIST GROUPS 1
  BUFFER_POOL DEFAULT FLASH_CACHE DEFAULT CELL_FLASH_CACHE DEFAULT)
  TABLESPACE "EFDMS_DB"  ENABLE;
  ALTER TABLE "EFDMS_DB"."USERS" ADD CONSTRAINT "UK_SX468G52BPETVLAD2J9Y0LPTC" UNIQUE ("EMAIL")
  USING INDEX PCTFREE 10 INITRANS 2 MAXTRANS 255 COMPUTE STATISTICS 
  STORAGE(INITIAL 65536 NEXT 1048576 MINEXTENTS 1 MAXEXTENTS 2147483645
  PCTINCREASE 0 FREELISTS 1 FREELIST GROUPS 1
  BUFFER_POOL DEFAULT FLASH_CACHE DEFAULT CELL_FLASH_CACHE DEFAULT)
  TABLESPACE "EFDMS_DB"  ENABLE;
--------------------------------------------------------
--  Constraints for Table R_OFFICE_TYPE
--------------------------------------------------------

  ALTER TABLE "EFDMS_DB"."R_OFFICE_TYPE" MODIFY ("OFFICE_TYPE_ID" NOT NULL ENABLE);
  ALTER TABLE "EFDMS_DB"."R_OFFICE_TYPE" ADD CONSTRAINT "PK_OFFICE_TYPE" PRIMARY KEY ("OFFICE_TYPE_ID")
  USING INDEX PCTFREE 10 INITRANS 2 MAXTRANS 255 COMPUTE STATISTICS 
  STORAGE(INITIAL 65536 NEXT 1048576 MINEXTENTS 1 MAXEXTENTS 2147483645
  PCTINCREASE 0 FREELISTS 1 FREELIST GROUPS 1
  BUFFER_POOL DEFAULT FLASH_CACHE DEFAULT CELL_FLASH_CACHE DEFAULT)
  TABLESPACE "EFDMS_DB"  ENABLE;
  ALTER TABLE "EFDMS_DB"."R_OFFICE_TYPE" ADD CONSTRAINT "UK1_OFFICE_TYPE" UNIQUE ("OFFICE_TYPE_NAME_EN")
  USING INDEX PCTFREE 10 INITRANS 2 MAXTRANS 255 COMPUTE STATISTICS 
  STORAGE(INITIAL 65536 NEXT 1048576 MINEXTENTS 1 MAXEXTENTS 2147483645
  PCTINCREASE 0 FREELISTS 1 FREELIST GROUPS 1
  BUFFER_POOL DEFAULT FLASH_CACHE DEFAULT CELL_FLASH_CACHE DEFAULT)
  TABLESPACE "EFDMS_DB"  ENABLE;
--------------------------------------------------------
--  Constraints for Table T_DEVICE_TRANSACTION
--------------------------------------------------------

  ALTER TABLE "EFDMS_DB"."T_DEVICE_TRANSACTION" MODIFY ("DEVICE_TRANSACTION_ID" NOT NULL ENABLE);
  ALTER TABLE "EFDMS_DB"."T_DEVICE_TRANSACTION" MODIFY ("SHIPPING_ID" NOT NULL ENABLE);
  ALTER TABLE "EFDMS_DB"."T_DEVICE_TRANSACTION" ADD CONSTRAINT "PK_DEVICE_TRANSACTION" PRIMARY KEY ("DEVICE_TRANSACTION_ID")
  USING INDEX PCTFREE 10 INITRANS 2 MAXTRANS 255 COMPUTE STATISTICS 
  TABLESPACE "EFDMS_DB"  ENABLE;
--------------------------------------------------------
--  Constraints for Table TBLPRODUCT
--------------------------------------------------------

  ALTER TABLE "EFDMS_DB"."TBLPRODUCT" MODIFY ("ID" NOT NULL ENABLE);
  ALTER TABLE "EFDMS_DB"."TBLPRODUCT" ADD PRIMARY KEY ("ID")
  USING INDEX PCTFREE 10 INITRANS 2 MAXTRANS 255 COMPUTE STATISTICS 
  STORAGE(INITIAL 65536 NEXT 1048576 MINEXTENTS 1 MAXEXTENTS 2147483645
  PCTINCREASE 0 FREELISTS 1 FREELIST GROUPS 1
  BUFFER_POOL DEFAULT FLASH_CACHE DEFAULT CELL_FLASH_CACHE DEFAULT)
  TABLESPACE "EFDMS_DB"  ENABLE;
--------------------------------------------------------
--  Constraints for Table T_RULE
--------------------------------------------------------

  ALTER TABLE "EFDMS_DB"."T_RULE" MODIFY ("RULE_ID" NOT NULL ENABLE);
  ALTER TABLE "EFDMS_DB"."T_RULE" ADD CONSTRAINT "PK_RULE" PRIMARY KEY ("RULE_ID")
  USING INDEX PCTFREE 10 INITRANS 2 MAXTRANS 255 COMPUTE STATISTICS 
  TABLESPACE "EFDMS_DB"  ENABLE;
  ALTER TABLE "EFDMS_DB"."T_RULE" ADD CONSTRAINT "UK1_RULE" UNIQUE ("RULE_NAME_EN")
  USING INDEX PCTFREE 10 INITRANS 2 MAXTRANS 255 COMPUTE STATISTICS 
  TABLESPACE "EFDMS_DB"  ENABLE;
--------------------------------------------------------
--  Constraints for Table T_VAT_TYPE
--------------------------------------------------------

  ALTER TABLE "EFDMS_DB"."T_VAT_TYPE" MODIFY ("VAT_TYPE_ID" NOT NULL ENABLE);
  ALTER TABLE "EFDMS_DB"."T_VAT_TYPE" ADD CONSTRAINT "PK_VAT_TYPE" PRIMARY KEY ("VAT_TYPE_ID")
  USING INDEX PCTFREE 10 INITRANS 2 MAXTRANS 255 COMPUTE STATISTICS 
  TABLESPACE "EFDMS_DB"  ENABLE;
  ALTER TABLE "EFDMS_DB"."T_VAT_TYPE" ADD CONSTRAINT "UK1_VAT_TYPE" UNIQUE ("VAT_TYPE_EN")
  USING INDEX PCTFREE 10 INITRANS 2 MAXTRANS 255 COMPUTE STATISTICS 
  TABLESPACE "EFDMS_DB"  ENABLE;
--------------------------------------------------------
--  Constraints for Table R_DOCUMENT_STATUS
--------------------------------------------------------

  ALTER TABLE "EFDMS_DB"."R_DOCUMENT_STATUS" MODIFY ("DOCUMENT_STATUS_ID" NOT NULL ENABLE);
  ALTER TABLE "EFDMS_DB"."R_DOCUMENT_STATUS" ADD CONSTRAINT "PK_DOCUMENT_STATUS" PRIMARY KEY ("DOCUMENT_STATUS_ID")
  USING INDEX PCTFREE 10 INITRANS 2 MAXTRANS 255 COMPUTE STATISTICS 
  STORAGE(INITIAL 65536 NEXT 1048576 MINEXTENTS 1 MAXEXTENTS 2147483645
  PCTINCREASE 0 FREELISTS 1 FREELIST GROUPS 1
  BUFFER_POOL DEFAULT FLASH_CACHE DEFAULT CELL_FLASH_CACHE DEFAULT)
  TABLESPACE "EFDMS_DB"  ENABLE;
  ALTER TABLE "EFDMS_DB"."R_DOCUMENT_STATUS" ADD CONSTRAINT "UK_DOCUMENT_STATUS" UNIQUE ("DOCUMENT_STATUS_NAME_EN")
  USING INDEX PCTFREE 10 INITRANS 2 MAXTRANS 255 COMPUTE STATISTICS 
  STORAGE(INITIAL 65536 NEXT 1048576 MINEXTENTS 1 MAXEXTENTS 2147483645
  PCTINCREASE 0 FREELISTS 1 FREELIST GROUPS 1
  BUFFER_POOL DEFAULT FLASH_CACHE DEFAULT CELL_FLASH_CACHE DEFAULT)
  TABLESPACE "EFDMS_DB"  ENABLE;
--------------------------------------------------------
--  Constraints for Table R_OUTLET
--------------------------------------------------------

  ALTER TABLE "EFDMS_DB"."R_OUTLET" MODIFY ("OUTLET_ID" NOT NULL ENABLE);
  ALTER TABLE "EFDMS_DB"."R_OUTLET" ADD CONSTRAINT "PK_OUTLET" PRIMARY KEY ("OUTLET_ID")
  USING INDEX PCTFREE 10 INITRANS 2 MAXTRANS 255 COMPUTE STATISTICS 
  TABLESPACE "EFDMS_DB"  ENABLE;
  ALTER TABLE "EFDMS_DB"."R_OUTLET" ADD CONSTRAINT "UK1_OUTLET" UNIQUE ("OUTLET_NAME_EN")
  USING INDEX PCTFREE 10 INITRANS 2 MAXTRANS 255 COMPUTE STATISTICS 
  TABLESPACE "EFDMS_DB"  ENABLE;
--------------------------------------------------------
--  Constraints for Table R_SECTOR
--------------------------------------------------------

  ALTER TABLE "EFDMS_DB"."R_SECTOR" MODIFY ("SECTOR_ID" NOT NULL ENABLE);
  ALTER TABLE "EFDMS_DB"."R_SECTOR" MODIFY ("PARENT_SECTOR_ID" NOT NULL ENABLE);
  ALTER TABLE "EFDMS_DB"."R_SECTOR" ADD CONSTRAINT "PK_SECTOR" PRIMARY KEY ("SECTOR_ID")
  USING INDEX PCTFREE 10 INITRANS 2 MAXTRANS 255 COMPUTE STATISTICS 
  TABLESPACE "EFDMS_DB"  ENABLE;
  ALTER TABLE "EFDMS_DB"."R_SECTOR" ADD CONSTRAINT "UK1_SECTOR" UNIQUE ("SECTOR_NAME_EN")
  USING INDEX PCTFREE 10 INITRANS 2 MAXTRANS 255 COMPUTE STATISTICS 
  TABLESPACE "EFDMS_DB"  ENABLE;
--------------------------------------------------------
--  Constraints for Table R_CIRCLE
--------------------------------------------------------

  ALTER TABLE "EFDMS_DB"."R_CIRCLE" MODIFY ("CIRCLE_ID" NOT NULL ENABLE);
  ALTER TABLE "EFDMS_DB"."R_CIRCLE" ADD CONSTRAINT "PK_R_CIRCLE" PRIMARY KEY ("CIRCLE_ID")
  USING INDEX PCTFREE 10 INITRANS 2 MAXTRANS 255 COMPUTE STATISTICS 
  TABLESPACE "EFDMS_DB"  ENABLE;
  ALTER TABLE "EFDMS_DB"."R_CIRCLE" ADD CONSTRAINT "UK_CIRCLE_CODE" UNIQUE ("CIRCLE_CODE")
  USING INDEX PCTFREE 10 INITRANS 2 MAXTRANS 255 COMPUTE STATISTICS 
  TABLESPACE "EFDMS_DB"  ENABLE;
--------------------------------------------------------
--  Constraints for Table USER_ROLES
--------------------------------------------------------

  ALTER TABLE "EFDMS_DB"."USER_ROLES" MODIFY ("USER_ID" NOT NULL ENABLE);
  ALTER TABLE "EFDMS_DB"."USER_ROLES" MODIFY ("ROLE_ID" NOT NULL ENABLE);
  ALTER TABLE "EFDMS_DB"."USER_ROLES" ADD PRIMARY KEY ("USER_ID", "ROLE_ID")
  USING INDEX PCTFREE 10 INITRANS 2 MAXTRANS 255 COMPUTE STATISTICS 
  STORAGE(INITIAL 65536 NEXT 1048576 MINEXTENTS 1 MAXEXTENTS 2147483645
  PCTINCREASE 0 FREELISTS 1 FREELIST GROUPS 1
  BUFFER_POOL DEFAULT FLASH_CACHE DEFAULT CELL_FLASH_CACHE DEFAULT)
  TABLESPACE "EFDMS_DB"  ENABLE;
--------------------------------------------------------
--  Constraints for Table R_STORE
--------------------------------------------------------

  ALTER TABLE "EFDMS_DB"."R_STORE" MODIFY ("STORE_ID" NOT NULL ENABLE);
  ALTER TABLE "EFDMS_DB"."R_STORE" ADD CONSTRAINT "PK_STORE" PRIMARY KEY ("STORE_ID")
  USING INDEX PCTFREE 10 INITRANS 2 MAXTRANS 255 COMPUTE STATISTICS 
  STORAGE(INITIAL 65536 NEXT 1048576 MINEXTENTS 1 MAXEXTENTS 2147483645
  PCTINCREASE 0 FREELISTS 1 FREELIST GROUPS 1
  BUFFER_POOL DEFAULT FLASH_CACHE DEFAULT CELL_FLASH_CACHE DEFAULT)
  TABLESPACE "EFDMS_DB"  ENABLE;
  ALTER TABLE "EFDMS_DB"."R_STORE" ADD CONSTRAINT "UK1_STORE" UNIQUE ("STORE_NAME_EN")
  USING INDEX PCTFREE 10 INITRANS 2 MAXTRANS 255 COMPUTE STATISTICS 
  STORAGE(INITIAL 65536 NEXT 1048576 MINEXTENTS 1 MAXEXTENTS 2147483645
  PCTINCREASE 0 FREELISTS 1 FREELIST GROUPS 1
  BUFFER_POOL DEFAULT FLASH_CACHE DEFAULT CELL_FLASH_CACHE DEFAULT)
  TABLESPACE "EFDMS_DB"  ENABLE;
--------------------------------------------------------
--  Constraints for Table R_REFERENCE_STATUS
--------------------------------------------------------

  ALTER TABLE "EFDMS_DB"."R_REFERENCE_STATUS" MODIFY ("REFERENCE_NAME_EN" NOT NULL ENABLE);
  ALTER TABLE "EFDMS_DB"."R_REFERENCE_STATUS" MODIFY ("REFERENCE_NAME_BN" NOT NULL ENABLE);
  ALTER TABLE "EFDMS_DB"."R_REFERENCE_STATUS" MODIFY ("CREATE_USER_ACCOUNT_ID" NOT NULL ENABLE);
  ALTER TABLE "EFDMS_DB"."R_REFERENCE_STATUS" MODIFY ("CREATE_DATE" NOT NULL ENABLE);
  ALTER TABLE "EFDMS_DB"."R_REFERENCE_STATUS" ADD CONSTRAINT "PK_REFERENCE_STATUS" PRIMARY KEY ("REFERENCE_STATUS_ID")
  USING INDEX PCTFREE 10 INITRANS 2 MAXTRANS 255 COMPUTE STATISTICS 
  STORAGE(INITIAL 65536 NEXT 1048576 MINEXTENTS 1 MAXEXTENTS 2147483645
  PCTINCREASE 0 FREELISTS 1 FREELIST GROUPS 1
  BUFFER_POOL DEFAULT FLASH_CACHE DEFAULT CELL_FLASH_CACHE DEFAULT)
  TABLESPACE "EFDMS_DB"  ENABLE;
  ALTER TABLE "EFDMS_DB"."R_REFERENCE_STATUS" ADD CONSTRAINT "UK_REFERENCE_STATUS" UNIQUE ("REFERENCE_NAME_EN")
  USING INDEX PCTFREE 10 INITRANS 2 MAXTRANS 255 COMPUTE STATISTICS 
  STORAGE(INITIAL 65536 NEXT 1048576 MINEXTENTS 1 MAXEXTENTS 2147483645
  PCTINCREASE 0 FREELISTS 1 FREELIST GROUPS 1
  BUFFER_POOL DEFAULT FLASH_CACHE DEFAULT CELL_FLASH_CACHE DEFAULT)
  TABLESPACE "EFDMS_DB"  ENABLE;
--------------------------------------------------------
--  Constraints for Table R_REGISTRATION_TYPE
--------------------------------------------------------

  ALTER TABLE "EFDMS_DB"."R_REGISTRATION_TYPE" MODIFY ("REGISTRATION_TYPE_ID" NOT NULL ENABLE);
  ALTER TABLE "EFDMS_DB"."R_REGISTRATION_TYPE" ADD CONSTRAINT "PK_REGISTRATION_TYPE" PRIMARY KEY ("REGISTRATION_TYPE_ID")
  USING INDEX PCTFREE 10 INITRANS 2 MAXTRANS 255 COMPUTE STATISTICS 
  TABLESPACE "EFDMS_DB"  ENABLE;
  ALTER TABLE "EFDMS_DB"."R_REGISTRATION_TYPE" ADD CONSTRAINT "UK1_REGISTRATION_TYPE" UNIQUE ("REGISTRATION_TYPE_NAME_EN")
  USING INDEX PCTFREE 10 INITRANS 2 MAXTRANS 255 COMPUTE STATISTICS 
  TABLESPACE "EFDMS_DB"  ENABLE;
--------------------------------------------------------
--  Constraints for Table R_VENDOR
--------------------------------------------------------

  ALTER TABLE "EFDMS_DB"."R_VENDOR" MODIFY ("VENDOR_ID" NOT NULL ENABLE);
  ALTER TABLE "EFDMS_DB"."R_VENDOR" ADD CONSTRAINT "PK_VENDOR" PRIMARY KEY ("VENDOR_ID")
  USING INDEX PCTFREE 10 INITRANS 2 MAXTRANS 255 COMPUTE STATISTICS 
  STORAGE(INITIAL 65536 NEXT 1048576 MINEXTENTS 1 MAXEXTENTS 2147483645
  PCTINCREASE 0 FREELISTS 1 FREELIST GROUPS 1
  BUFFER_POOL DEFAULT FLASH_CACHE DEFAULT CELL_FLASH_CACHE DEFAULT)
  TABLESPACE "EFDMS_DB"  ENABLE;
  ALTER TABLE "EFDMS_DB"."R_VENDOR" ADD CONSTRAINT "UK1_VENDOR" UNIQUE ("VENDOR_TIN")
  USING INDEX PCTFREE 10 INITRANS 2 MAXTRANS 255 COMPUTE STATISTICS 
  STORAGE(INITIAL 65536 NEXT 1048576 MINEXTENTS 1 MAXEXTENTS 2147483645
  PCTINCREASE 0 FREELISTS 1 FREELIST GROUPS 1
  BUFFER_POOL DEFAULT FLASH_CACHE DEFAULT CELL_FLASH_CACHE DEFAULT)
  TABLESPACE "EFDMS_DB"  ENABLE;
  ALTER TABLE "EFDMS_DB"."R_VENDOR" ADD CONSTRAINT "UK2_VENDOR" UNIQUE ("VENDOR_BIN")
  USING INDEX PCTFREE 10 INITRANS 2 MAXTRANS 255 COMPUTE STATISTICS 
  STORAGE(INITIAL 65536 NEXT 1048576 MINEXTENTS 1 MAXEXTENTS 2147483645
  PCTINCREASE 0 FREELISTS 1 FREELIST GROUPS 1
  BUFFER_POOL DEFAULT FLASH_CACHE DEFAULT CELL_FLASH_CACHE DEFAULT)
  TABLESPACE "EFDMS_DB"  ENABLE;
  ALTER TABLE "EFDMS_DB"."R_VENDOR" ADD CONSTRAINT "UL3_VENDOR" UNIQUE ("CONTACT_MOBILE")
  USING INDEX PCTFREE 10 INITRANS 2 MAXTRANS 255 COMPUTE STATISTICS 
  STORAGE(INITIAL 65536 NEXT 1048576 MINEXTENTS 1 MAXEXTENTS 2147483645
  PCTINCREASE 0 FREELISTS 1 FREELIST GROUPS 1
  BUFFER_POOL DEFAULT FLASH_CACHE DEFAULT CELL_FLASH_CACHE DEFAULT)
  TABLESPACE "EFDMS_DB"  ENABLE;
  ALTER TABLE "EFDMS_DB"."R_VENDOR" ADD CONSTRAINT "UK4_VENDOR" UNIQUE ("CONTACT_EMAIL")
  USING INDEX PCTFREE 10 INITRANS 2 MAXTRANS 255 COMPUTE STATISTICS 
  STORAGE(INITIAL 65536 NEXT 1048576 MINEXTENTS 1 MAXEXTENTS 2147483645
  PCTINCREASE 0 FREELISTS 1 FREELIST GROUPS 1
  BUFFER_POOL DEFAULT FLASH_CACHE DEFAULT CELL_FLASH_CACHE DEFAULT)
  TABLESPACE "EFDMS_DB"  ENABLE;
--------------------------------------------------------
--  Constraints for Table R_OFFICE
--------------------------------------------------------

  ALTER TABLE "EFDMS_DB"."R_OFFICE" MODIFY ("OFFICE_ID" NOT NULL ENABLE);
  ALTER TABLE "EFDMS_DB"."R_OFFICE" ADD CONSTRAINT "PK_OFFICE" PRIMARY KEY ("OFFICE_ID")
  USING INDEX PCTFREE 10 INITRANS 2 MAXTRANS 255 COMPUTE STATISTICS 
  STORAGE(INITIAL 65536 NEXT 1048576 MINEXTENTS 1 MAXEXTENTS 2147483645
  PCTINCREASE 0 FREELISTS 1 FREELIST GROUPS 1
  BUFFER_POOL DEFAULT FLASH_CACHE DEFAULT CELL_FLASH_CACHE DEFAULT)
  TABLESPACE "EFDMS_DB"  ENABLE;
  ALTER TABLE "EFDMS_DB"."R_OFFICE" ADD CONSTRAINT "UK1_OFFICE" UNIQUE ("OFFICE_NAME_EN")
  USING INDEX PCTFREE 10 INITRANS 2 MAXTRANS 255 COMPUTE STATISTICS 
  STORAGE(INITIAL 65536 NEXT 1048576 MINEXTENTS 1 MAXEXTENTS 2147483645
  PCTINCREASE 0 FREELISTS 1 FREELIST GROUPS 1
  BUFFER_POOL DEFAULT FLASH_CACHE DEFAULT CELL_FLASH_CACHE DEFAULT)
  TABLESPACE "EFDMS_DB"  ENABLE;
  ALTER TABLE "EFDMS_DB"."R_OFFICE" ADD CONSTRAINT "UK2_OFFICE" UNIQUE ("OFFICE_CODE")
  USING INDEX PCTFREE 10 INITRANS 2 MAXTRANS 255 COMPUTE STATISTICS 
  STORAGE(INITIAL 65536 NEXT 1048576 MINEXTENTS 1 MAXEXTENTS 2147483645
  PCTINCREASE 0 FREELISTS 1 FREELIST GROUPS 1
  BUFFER_POOL DEFAULT FLASH_CACHE DEFAULT CELL_FLASH_CACHE DEFAULT)
  TABLESPACE "EFDMS_DB"  ENABLE;
--------------------------------------------------------
--  Constraints for Table T_SD_SERVICE_CATEGORY
--------------------------------------------------------

  ALTER TABLE "EFDMS_DB"."T_SD_SERVICE_CATEGORY" MODIFY ("SD_SERVICE_CATEGORY_ID" NOT NULL ENABLE);
  ALTER TABLE "EFDMS_DB"."T_SD_SERVICE_CATEGORY" MODIFY ("SERVICE_NAME_BN" NOT NULL ENABLE);
  ALTER TABLE "EFDMS_DB"."T_SD_SERVICE_CATEGORY" MODIFY ("SERVICE_CODE" NOT NULL ENABLE);
  ALTER TABLE "EFDMS_DB"."T_SD_SERVICE_CATEGORY" MODIFY ("SERIAL_NO" NOT NULL ENABLE);
  ALTER TABLE "EFDMS_DB"."T_SD_SERVICE_CATEGORY" MODIFY ("SD_TYPE_ID" NOT NULL ENABLE);
  ALTER TABLE "EFDMS_DB"."T_SD_SERVICE_CATEGORY" MODIFY ("SD_RATE" NOT NULL ENABLE);
  ALTER TABLE "EFDMS_DB"."T_SD_SERVICE_CATEGORY" MODIFY ("EFFECTIVE_FROM" NOT NULL ENABLE);
  ALTER TABLE "EFDMS_DB"."T_SD_SERVICE_CATEGORY" MODIFY ("POLICY_DESCRIPTION" NOT NULL ENABLE);
  ALTER TABLE "EFDMS_DB"."T_SD_SERVICE_CATEGORY" ADD CONSTRAINT "PK_SD_SERVICE_CATEGORY" PRIMARY KEY ("SD_SERVICE_CATEGORY_ID")
  USING INDEX PCTFREE 10 INITRANS 2 MAXTRANS 255 COMPUTE STATISTICS 
  TABLESPACE "EFDMS_DB"  ENABLE;
  ALTER TABLE "EFDMS_DB"."T_SD_SERVICE_CATEGORY" ADD CONSTRAINT "UK1_SD_SERVICE_CATEGORY" UNIQUE ("SERVICE_NAME_EN")
  USING INDEX PCTFREE 10 INITRANS 2 MAXTRANS 255 COMPUTE STATISTICS 
  TABLESPACE "EFDMS_DB"  ENABLE;
--------------------------------------------------------
--  Constraints for Table R_WAREHOUSE
--------------------------------------------------------

  ALTER TABLE "EFDMS_DB"."R_WAREHOUSE" MODIFY ("WAREHOUSE_ID" NOT NULL ENABLE);
  ALTER TABLE "EFDMS_DB"."R_WAREHOUSE" ADD CONSTRAINT "PK_WAREHOUSE" PRIMARY KEY ("WAREHOUSE_ID")
  USING INDEX PCTFREE 10 INITRANS 2 MAXTRANS 255 COMPUTE STATISTICS 
  STORAGE(INITIAL 65536 NEXT 1048576 MINEXTENTS 1 MAXEXTENTS 2147483645
  PCTINCREASE 0 FREELISTS 1 FREELIST GROUPS 1
  BUFFER_POOL DEFAULT FLASH_CACHE DEFAULT CELL_FLASH_CACHE DEFAULT)
  TABLESPACE "EFDMS_DB"  ENABLE;
  ALTER TABLE "EFDMS_DB"."R_WAREHOUSE" ADD CONSTRAINT "UK1_WAREHOUSE" UNIQUE ("WAREHOUSE_NAME_EN")
  USING INDEX PCTFREE 10 INITRANS 2 MAXTRANS 255 COMPUTE STATISTICS 
  STORAGE(INITIAL 65536 NEXT 1048576 MINEXTENTS 1 MAXEXTENTS 2147483645
  PCTINCREASE 0 FREELISTS 1 FREELIST GROUPS 1
  BUFFER_POOL DEFAULT FLASH_CACHE DEFAULT CELL_FLASH_CACHE DEFAULT)
  TABLESPACE "EFDMS_DB"  ENABLE;
--------------------------------------------------------
--  Constraints for Table S_USERS
--------------------------------------------------------

  ALTER TABLE "EFDMS_DB"."S_USERS" ADD CONSTRAINT "PK_USER_ID" PRIMARY KEY ("USER_ID")
  USING INDEX PCTFREE 10 INITRANS 2 MAXTRANS 255 COMPUTE STATISTICS 
  TABLESPACE "EFDMS_DB"  ENABLE;
  ALTER TABLE "EFDMS_DB"."S_USERS" MODIFY ("USER_ID" NOT NULL ENABLE);
  ALTER TABLE "EFDMS_DB"."S_USERS" MODIFY ("CREATED_DATE" NOT NULL ENABLE);
  ALTER TABLE "EFDMS_DB"."S_USERS" MODIFY ("ENABLED" NOT NULL ENABLE);
  ALTER TABLE "EFDMS_DB"."S_USERS" MODIFY ("UPDATED_DATE" NOT NULL ENABLE);
  ALTER TABLE "EFDMS_DB"."S_USERS" ADD CONSTRAINT "uk1_email" UNIQUE ("EMAIL")
  USING INDEX PCTFREE 10 INITRANS 2 MAXTRANS 255 COMPUTE STATISTICS 
  TABLESPACE "EFDMS_DB"  ENABLE;
--------------------------------------------------------
--  Constraints for Table REFRESHTOKEN
--------------------------------------------------------

  ALTER TABLE "EFDMS_DB"."REFRESHTOKEN" MODIFY ("ID" NOT NULL ENABLE);
  ALTER TABLE "EFDMS_DB"."REFRESHTOKEN" MODIFY ("EXPIRY_DATE" NOT NULL ENABLE);
  ALTER TABLE "EFDMS_DB"."REFRESHTOKEN" MODIFY ("TOKEN" NOT NULL ENABLE);
  ALTER TABLE "EFDMS_DB"."REFRESHTOKEN" ADD PRIMARY KEY ("ID")
  USING INDEX PCTFREE 10 INITRANS 2 MAXTRANS 255 COMPUTE STATISTICS 
  STORAGE(INITIAL 65536 NEXT 1048576 MINEXTENTS 1 MAXEXTENTS 2147483645
  PCTINCREASE 0 FREELISTS 1 FREELIST GROUPS 1
  BUFFER_POOL DEFAULT FLASH_CACHE DEFAULT CELL_FLASH_CACHE DEFAULT)
  TABLESPACE "EFDMS_DB"  ENABLE;
  ALTER TABLE "EFDMS_DB"."REFRESHTOKEN" ADD CONSTRAINT "UK_OR156WBNEYK8NOO4JSTV55II3" UNIQUE ("TOKEN")
  USING INDEX PCTFREE 10 INITRANS 2 MAXTRANS 255 COMPUTE STATISTICS 
  STORAGE(INITIAL 65536 NEXT 1048576 MINEXTENTS 1 MAXEXTENTS 2147483645
  PCTINCREASE 0 FREELISTS 1 FREELIST GROUPS 1
  BUFFER_POOL DEFAULT FLASH_CACHE DEFAULT CELL_FLASH_CACHE DEFAULT)
  TABLESPACE "EFDMS_DB"  ENABLE;
--------------------------------------------------------
--  Constraints for Table T_TAX_CATEGORY
--------------------------------------------------------

  ALTER TABLE "EFDMS_DB"."T_TAX_CATEGORY" MODIFY ("TAX_CATEGORY_ID" NOT NULL ENABLE);
  ALTER TABLE "EFDMS_DB"."T_TAX_CATEGORY" MODIFY ("CATEGORY_NAME_BN" NOT NULL ENABLE);
  ALTER TABLE "EFDMS_DB"."T_TAX_CATEGORY" MODIFY ("VAT_CODE" NOT NULL ENABLE);
  ALTER TABLE "EFDMS_DB"."T_TAX_CATEGORY" MODIFY ("SERIAL_NO" NOT NULL ENABLE);
  ALTER TABLE "EFDMS_DB"."T_TAX_CATEGORY" MODIFY ("VAT_TYPE_ID" NOT NULL ENABLE);
  ALTER TABLE "EFDMS_DB"."T_TAX_CATEGORY" MODIFY ("VAT_RATE" NOT NULL ENABLE);
  ALTER TABLE "EFDMS_DB"."T_TAX_CATEGORY" MODIFY ("SD_TYPE_ID" NOT NULL ENABLE);
  ALTER TABLE "EFDMS_DB"."T_TAX_CATEGORY" MODIFY ("SD_RATE" NOT NULL ENABLE);
  ALTER TABLE "EFDMS_DB"."T_TAX_CATEGORY" MODIFY ("EFFECTIVE_FROM" NOT NULL ENABLE);
  ALTER TABLE "EFDMS_DB"."T_TAX_CATEGORY" MODIFY ("POLICY_DESCRIPTION" NOT NULL ENABLE);
  ALTER TABLE "EFDMS_DB"."T_TAX_CATEGORY" ADD CONSTRAINT "PK_TAX_CATEGORY" PRIMARY KEY ("TAX_CATEGORY_ID")
  USING INDEX PCTFREE 10 INITRANS 2 MAXTRANS 255 COMPUTE STATISTICS 
  TABLESPACE "EFDMS_DB"  ENABLE;
  ALTER TABLE "EFDMS_DB"."T_TAX_CATEGORY" ADD CONSTRAINT "UK1_TAX_CATEGORY" UNIQUE ("CATEGORY_NAME_EN")
  USING INDEX PCTFREE 10 INITRANS 2 MAXTRANS 255 COMPUTE STATISTICS 
  TABLESPACE "EFDMS_DB"  ENABLE;
--------------------------------------------------------
--  Constraints for Table T_TAXPAYER
--------------------------------------------------------

  ALTER TABLE "EFDMS_DB"."T_TAXPAYER" MODIFY ("TAXPAYER_ID" NOT NULL ENABLE);
  ALTER TABLE "EFDMS_DB"."T_TAXPAYER" ADD CONSTRAINT "PK_TAXPAYER" PRIMARY KEY ("TAXPAYER_ID")
  USING INDEX PCTFREE 10 INITRANS 2 MAXTRANS 255 COMPUTE STATISTICS 
  TABLESPACE "EFDMS_DB"  ENABLE;
--------------------------------------------------------
--  Constraints for Table T_TAXPAYER_DEVICE
--------------------------------------------------------

  ALTER TABLE "EFDMS_DB"."T_TAXPAYER_DEVICE" MODIFY ("TAXPAYER_DEVICE_ID" NOT NULL ENABLE);
  ALTER TABLE "EFDMS_DB"."T_TAXPAYER_DEVICE" ADD CONSTRAINT "PK_TAXPAYER_DEVICE" PRIMARY KEY ("TAXPAYER_DEVICE_ID")
  USING INDEX PCTFREE 10 INITRANS 2 MAXTRANS 255 COMPUTE STATISTICS 
  TABLESPACE "EFDMS_DB"  ENABLE;
--------------------------------------------------------
--  Constraints for Table R_DEVICE_TYPE
--------------------------------------------------------

  ALTER TABLE "EFDMS_DB"."R_DEVICE_TYPE" MODIFY ("DEVICE_TYPE_ID" NOT NULL ENABLE);
  ALTER TABLE "EFDMS_DB"."R_DEVICE_TYPE" ADD CONSTRAINT "PK_DEVICE_TYPE" PRIMARY KEY ("DEVICE_TYPE_ID")
  USING INDEX PCTFREE 10 INITRANS 2 MAXTRANS 255 COMPUTE STATISTICS 
  STORAGE(INITIAL 65536 NEXT 1048576 MINEXTENTS 1 MAXEXTENTS 2147483645
  PCTINCREASE 0 FREELISTS 1 FREELIST GROUPS 1
  BUFFER_POOL DEFAULT FLASH_CACHE DEFAULT CELL_FLASH_CACHE DEFAULT)
  TABLESPACE "EFDMS_DB"  ENABLE;
  ALTER TABLE "EFDMS_DB"."R_DEVICE_TYPE" ADD CONSTRAINT "UK_DEVICE_TYPE" UNIQUE ("DEVICE_TYPE")
  USING INDEX PCTFREE 10 INITRANS 2 MAXTRANS 255 COMPUTE STATISTICS 
  STORAGE(INITIAL 65536 NEXT 1048576 MINEXTENTS 1 MAXEXTENTS 2147483645
  PCTINCREASE 0 FREELISTS 1 FREELIST GROUPS 1
  BUFFER_POOL DEFAULT FLASH_CACHE DEFAULT CELL_FLASH_CACHE DEFAULT)
  TABLESPACE "EFDMS_DB"  ENABLE;
--------------------------------------------------------
--  Constraints for Table T_SD_TYPE
--------------------------------------------------------

  ALTER TABLE "EFDMS_DB"."T_SD_TYPE" MODIFY ("SD_TYPE_ID" NOT NULL ENABLE);
  ALTER TABLE "EFDMS_DB"."T_SD_TYPE" ADD CONSTRAINT "PK_SD_TYPE" PRIMARY KEY ("SD_TYPE_ID")
  USING INDEX PCTFREE 10 INITRANS 2 MAXTRANS 255 COMPUTE STATISTICS 
  TABLESPACE "EFDMS_DB"  ENABLE;
  ALTER TABLE "EFDMS_DB"."T_SD_TYPE" ADD CONSTRAINT "UK1_SD_TYPE" UNIQUE ("SD_TYPE_EN")
  USING INDEX PCTFREE 10 INITRANS 2 MAXTRANS 255 COMPUTE STATISTICS 
  TABLESPACE "EFDMS_DB"  ENABLE;
--------------------------------------------------------
--  Constraints for Table T_DEVICE
--------------------------------------------------------

  ALTER TABLE "EFDMS_DB"."T_DEVICE" MODIFY ("DEVICE_ID" NOT NULL ENABLE);
  ALTER TABLE "EFDMS_DB"."T_DEVICE" MODIFY ("DEVICE_NUMBER" NOT NULL ENABLE);
  ALTER TABLE "EFDMS_DB"."T_DEVICE" MODIFY ("STORE_ID" NOT NULL ENABLE);
  ALTER TABLE "EFDMS_DB"."T_DEVICE" ADD CONSTRAINT "PK_DEVICE" PRIMARY KEY ("DEVICE_ID")
  USING INDEX PCTFREE 10 INITRANS 2 MAXTRANS 255 COMPUTE STATISTICS 
  STORAGE(INITIAL 65536 NEXT 1048576 MINEXTENTS 1 MAXEXTENTS 2147483645
  PCTINCREASE 0 FREELISTS 1 FREELIST GROUPS 1
  BUFFER_POOL DEFAULT FLASH_CACHE DEFAULT CELL_FLASH_CACHE DEFAULT)
  TABLESPACE "EFDMS_DB"  ENABLE;
  ALTER TABLE "EFDMS_DB"."T_DEVICE" ADD CONSTRAINT "UK1_DEVICE" UNIQUE ("DEVICE_NUMBER")
  USING INDEX PCTFREE 10 INITRANS 2 MAXTRANS 255 COMPUTE STATISTICS 
  STORAGE(INITIAL 65536 NEXT 1048576 MINEXTENTS 1 MAXEXTENTS 2147483645
  PCTINCREASE 0 FREELISTS 1 FREELIST GROUPS 1
  BUFFER_POOL DEFAULT FLASH_CACHE DEFAULT CELL_FLASH_CACHE DEFAULT)
  TABLESPACE "EFDMS_DB"  ENABLE;
--------------------------------------------------------
--  Constraints for Table ROLES
--------------------------------------------------------

  ALTER TABLE "EFDMS_DB"."ROLES" MODIFY ("ID" NOT NULL ENABLE);
  ALTER TABLE "EFDMS_DB"."ROLES" MODIFY ("CREATED_DATE" NOT NULL ENABLE);
  ALTER TABLE "EFDMS_DB"."ROLES" MODIFY ("UPDATED_DATE" NOT NULL ENABLE);
  ALTER TABLE "EFDMS_DB"."ROLES" ADD PRIMARY KEY ("ID")
  USING INDEX PCTFREE 10 INITRANS 2 MAXTRANS 255 COMPUTE STATISTICS 
  STORAGE(INITIAL 65536 NEXT 1048576 MINEXTENTS 1 MAXEXTENTS 2147483645
  PCTINCREASE 0 FREELISTS 1 FREELIST GROUPS 1
  BUFFER_POOL DEFAULT FLASH_CACHE DEFAULT CELL_FLASH_CACHE DEFAULT)
  TABLESPACE "EFDMS_DB"  ENABLE;
--------------------------------------------------------
--  Constraints for Table TBLSTORE
--------------------------------------------------------

  ALTER TABLE "EFDMS_DB"."TBLSTORE" MODIFY ("STOREID" NOT NULL ENABLE);
  ALTER TABLE "EFDMS_DB"."TBLSTORE" ADD PRIMARY KEY ("STOREID")
  USING INDEX PCTFREE 10 INITRANS 2 MAXTRANS 255 COMPUTE STATISTICS 
  STORAGE(INITIAL 65536 NEXT 1048576 MINEXTENTS 1 MAXEXTENTS 2147483645
  PCTINCREASE 0 FREELISTS 1 FREELIST GROUPS 1
  BUFFER_POOL DEFAULT FLASH_CACHE DEFAULT CELL_FLASH_CACHE DEFAULT)
  TABLESPACE "EFDMS_DB"  ENABLE;
--------------------------------------------------------
--  Constraints for Table T_SHIPPING
--------------------------------------------------------

  ALTER TABLE "EFDMS_DB"."T_SHIPPING" MODIFY ("SHIPPING_ID" NOT NULL ENABLE);
  ALTER TABLE "EFDMS_DB"."T_SHIPPING" ADD CONSTRAINT "PK_SHIPPING" PRIMARY KEY ("SHIPPING_ID")
  USING INDEX PCTFREE 10 INITRANS 2 MAXTRANS 255 COMPUTE STATISTICS 
  TABLESPACE "EFDMS_DB"  ENABLE;
--------------------------------------------------------
--  Constraints for Table R_DIVISION
--------------------------------------------------------

  ALTER TABLE "EFDMS_DB"."R_DIVISION" MODIFY ("DIVISION_ID" NOT NULL ENABLE);
  ALTER TABLE "EFDMS_DB"."R_DIVISION" ADD CONSTRAINT "PK_R_DIVISION" PRIMARY KEY ("DIVISION_ID")
  USING INDEX PCTFREE 10 INITRANS 2 MAXTRANS 255 COMPUTE STATISTICS 
  TABLESPACE "EFDMS_DB"  ENABLE;
  ALTER TABLE "EFDMS_DB"."R_DIVISION" ADD CONSTRAINT "UK_DIVISION_CODE" UNIQUE ("DIVISION_CODE")
  USING INDEX PCTFREE 10 INITRANS 2 MAXTRANS 255 COMPUTE STATISTICS 
  TABLESPACE "EFDMS_DB"  ENABLE;
--------------------------------------------------------
--  Constraints for Table S_ROLES
--------------------------------------------------------

  ALTER TABLE "EFDMS_DB"."S_ROLES" MODIFY ("ROLE_ID" NOT NULL ENABLE);
  ALTER TABLE "EFDMS_DB"."S_ROLES" MODIFY ("CREATED_DATE" NOT NULL ENABLE);
  ALTER TABLE "EFDMS_DB"."S_ROLES" MODIFY ("UPDATED_DATE" NOT NULL ENABLE);
  ALTER TABLE "EFDMS_DB"."S_ROLES" ADD CONSTRAINT "PK_ROLE_ID" PRIMARY KEY ("ROLE_ID")
  USING INDEX PCTFREE 10 INITRANS 2 MAXTRANS 255 COMPUTE STATISTICS 
  TABLESPACE "EFDMS_DB"  ENABLE;
--------------------------------------------------------
--  Constraints for Table R_COMMISSION
--------------------------------------------------------

  ALTER TABLE "EFDMS_DB"."R_COMMISSION" MODIFY ("COMMISSION_ID" NOT NULL ENABLE);
  ALTER TABLE "EFDMS_DB"."R_COMMISSION" ADD CONSTRAINT "PK_R_COMMISSION" PRIMARY KEY ("COMMISSION_ID")
  USING INDEX PCTFREE 10 INITRANS 2 MAXTRANS 255 COMPUTE STATISTICS 
  TABLESPACE "EFDMS_DB"  ENABLE;
  ALTER TABLE "EFDMS_DB"."R_COMMISSION" ADD CONSTRAINT "UK_COMMISSION_COMMISSION_CODE" UNIQUE ("COMMISSION_CODE")
  USING INDEX PCTFREE 10 INITRANS 2 MAXTRANS 255 COMPUTE STATISTICS 
  TABLESPACE "EFDMS_DB"  ENABLE;
--------------------------------------------------------
--  Constraints for Table R_TAXPAYER_TYPE
--------------------------------------------------------

  ALTER TABLE "EFDMS_DB"."R_TAXPAYER_TYPE" MODIFY ("TAXPAYER_TYPE_ID" NOT NULL ENABLE);
  ALTER TABLE "EFDMS_DB"."R_TAXPAYER_TYPE" ADD CONSTRAINT "PK_TAXPAYER_TYPE" PRIMARY KEY ("TAXPAYER_TYPE_ID")
  USING INDEX PCTFREE 10 INITRANS 2 MAXTRANS 255 COMPUTE STATISTICS 
  TABLESPACE "EFDMS_DB"  ENABLE;
  ALTER TABLE "EFDMS_DB"."R_TAXPAYER_TYPE" ADD CONSTRAINT "UK1_TAXPAYER_TYPE" UNIQUE ("TAXPAYER_TYPE_NAME_EN")
  USING INDEX PCTFREE 10 INITRANS 2 MAXTRANS 255 COMPUTE STATISTICS 
  TABLESPACE "EFDMS_DB"  ENABLE;
--------------------------------------------------------
--  Ref Constraints for Table REFRESHTOKEN
--------------------------------------------------------

  ALTER TABLE "EFDMS_DB"."REFRESHTOKEN" ADD CONSTRAINT "FKA652XRDJI49M4ISX38PP4P80P" FOREIGN KEY ("USER_ID")
	  REFERENCES "EFDMS_DB"."USERS" ("ID") ENABLE;
--------------------------------------------------------
--  Ref Constraints for Table R_CIRCLE
--------------------------------------------------------

  ALTER TABLE "EFDMS_DB"."R_CIRCLE" ADD CONSTRAINT "FK1_CIRCLE" FOREIGN KEY ("REFERENCE_STATUS_ID")
	  REFERENCES "EFDMS_DB"."R_REFERENCE_STATUS" ("REFERENCE_STATUS_ID") ENABLE;
--------------------------------------------------------
--  Ref Constraints for Table R_COMMISSION
--------------------------------------------------------

  ALTER TABLE "EFDMS_DB"."R_COMMISSION" ADD CONSTRAINT "FK1_COMMISSION" FOREIGN KEY ("REFERENCE_STATUS_ID")
	  REFERENCES "EFDMS_DB"."R_REFERENCE_STATUS" ("REFERENCE_STATUS_ID") ENABLE;
--------------------------------------------------------
--  Ref Constraints for Table R_DIVISION
--------------------------------------------------------

  ALTER TABLE "EFDMS_DB"."R_DIVISION" ADD CONSTRAINT "FK1_DIVISION" FOREIGN KEY ("REFERENCE_STATUS_ID")
	  REFERENCES "EFDMS_DB"."R_REFERENCE_STATUS" ("REFERENCE_STATUS_ID") ENABLE;
--------------------------------------------------------
--  Ref Constraints for Table R_OFFICE
--------------------------------------------------------

  ALTER TABLE "EFDMS_DB"."R_OFFICE" ADD CONSTRAINT "FK1_OFFICE" FOREIGN KEY ("PARENT_OFFICE_ID")
	  REFERENCES "EFDMS_DB"."R_OFFICE" ("OFFICE_ID") ENABLE;
  ALTER TABLE "EFDMS_DB"."R_OFFICE" ADD CONSTRAINT "FK2_OFFICE" FOREIGN KEY ("OFFICE_TYPE_ID")
	  REFERENCES "EFDMS_DB"."R_OFFICE_TYPE" ("OFFICE_TYPE_ID") ENABLE;
--------------------------------------------------------
--  Ref Constraints for Table R_OUTLET
--------------------------------------------------------

  ALTER TABLE "EFDMS_DB"."R_OUTLET" ADD CONSTRAINT "FK1_OUTLET" FOREIGN KEY ("TAXPAYER_ID")
	  REFERENCES "EFDMS_DB"."T_TAXPAYER" ("TAXPAYER_ID") ENABLE;
  ALTER TABLE "EFDMS_DB"."R_OUTLET" ADD CONSTRAINT "FK2_OUTLET" FOREIGN KEY ("OFFICE_ID")
	  REFERENCES "EFDMS_DB"."R_OFFICE" ("OFFICE_ID") ENABLE;
  ALTER TABLE "EFDMS_DB"."R_OUTLET" ADD CONSTRAINT "FK3_OUTELT" FOREIGN KEY ("REFERENCE_STATUS_ID")
	  REFERENCES "EFDMS_DB"."R_REFERENCE_STATUS" ("REFERENCE_STATUS_ID") ENABLE;
--------------------------------------------------------
--  Ref Constraints for Table R_SECTOR
--------------------------------------------------------

  ALTER TABLE "EFDMS_DB"."R_SECTOR" ADD CONSTRAINT "FK1_SECTOR" FOREIGN KEY ("PARENT_SECTOR_ID")
	  REFERENCES "EFDMS_DB"."R_SECTOR" ("SECTOR_ID") ENABLE;
--------------------------------------------------------
--  Ref Constraints for Table R_STORE
--------------------------------------------------------

  ALTER TABLE "EFDMS_DB"."R_STORE" ADD CONSTRAINT "FK1_STORE" FOREIGN KEY ("WAREHOUSE_ID")
	  REFERENCES "EFDMS_DB"."R_WAREHOUSE" ("WAREHOUSE_ID") ENABLE;
--------------------------------------------------------
--  Ref Constraints for Table R_VENDOR
--------------------------------------------------------

  ALTER TABLE "EFDMS_DB"."R_VENDOR" ADD CONSTRAINT "FK1_VENDOR" FOREIGN KEY ("REFERENCE_STATUS_ID")
	  REFERENCES "EFDMS_DB"."R_REFERENCE_STATUS" ("REFERENCE_STATUS_ID") ENABLE;
--------------------------------------------------------
--  Ref Constraints for Table R_WAREHOUSE
--------------------------------------------------------

  ALTER TABLE "EFDMS_DB"."R_WAREHOUSE" ADD CONSTRAINT "FK1_WAREHOUSE" FOREIGN KEY ("VENDOR_ID")
	  REFERENCES "EFDMS_DB"."R_VENDOR" ("VENDOR_ID") ENABLE;
--------------------------------------------------------
--  Ref Constraints for Table T_DEVICE
--------------------------------------------------------

  ALTER TABLE "EFDMS_DB"."T_DEVICE" ADD CONSTRAINT "FK1_DEVICE" FOREIGN KEY ("DOCUMENT_STATUS_ID")
	  REFERENCES "EFDMS_DB"."R_DOCUMENT_STATUS" ("DOCUMENT_STATUS_ID") ENABLE;
  ALTER TABLE "EFDMS_DB"."T_DEVICE" ADD CONSTRAINT "FK2_DEVICE" FOREIGN KEY ("DEVICE_TYPE_ID")
	  REFERENCES "EFDMS_DB"."R_DEVICE_TYPE" ("DEVICE_TYPE_ID") ENABLE;
  ALTER TABLE "EFDMS_DB"."T_DEVICE" ADD CONSTRAINT "FK3_DEVICE" FOREIGN KEY ("STORE_ID")
	  REFERENCES "EFDMS_DB"."R_STORE" ("STORE_ID") ENABLE;
--------------------------------------------------------
--  Ref Constraints for Table T_DEVICE_TRANSACTION
--------------------------------------------------------

  ALTER TABLE "EFDMS_DB"."T_DEVICE_TRANSACTION" ADD CONSTRAINT "FK1_DEVICE_TRANSACTION" FOREIGN KEY ("SHIPPING_ID")
	  REFERENCES "EFDMS_DB"."T_SHIPPING" ("SHIPPING_ID") ENABLE;
  ALTER TABLE "EFDMS_DB"."T_DEVICE_TRANSACTION" ADD CONSTRAINT "FK3_DEVICE_TRANSACTION" FOREIGN KEY ("DOCUMENT_STATUS_ID")
	  REFERENCES "EFDMS_DB"."R_DOCUMENT_STATUS" ("DOCUMENT_STATUS_ID") ENABLE;
  ALTER TABLE "EFDMS_DB"."T_DEVICE_TRANSACTION" ADD CONSTRAINT "FK4_DEVICE_TRANSACTION" FOREIGN KEY ("STORE_FROM")
	  REFERENCES "EFDMS_DB"."R_STORE" ("STORE_ID") ENABLE;
  ALTER TABLE "EFDMS_DB"."T_DEVICE_TRANSACTION" ADD CONSTRAINT "FK5_DEVICE_TRANSACTION" FOREIGN KEY ("STORE_TO")
	  REFERENCES "EFDMS_DB"."R_STORE" ("STORE_ID") ENABLE;
--------------------------------------------------------
--  Ref Constraints for Table T_SD_SERVICE_CATEGORY
--------------------------------------------------------

  ALTER TABLE "EFDMS_DB"."T_SD_SERVICE_CATEGORY" ADD CONSTRAINT "FK1_SD_SERVICE_CATEGORY" FOREIGN KEY ("SD_TYPE_ID")
	  REFERENCES "EFDMS_DB"."T_SD_TYPE" ("SD_TYPE_ID") ENABLE;
  ALTER TABLE "EFDMS_DB"."T_SD_SERVICE_CATEGORY" ADD CONSTRAINT "FK2_SD_SERVICE_CATEGORY" FOREIGN KEY ("DOCUMENT_STATUS_ID")
	  REFERENCES "EFDMS_DB"."R_DOCUMENT_STATUS" ("DOCUMENT_STATUS_ID") ENABLE;
--------------------------------------------------------
--  Ref Constraints for Table T_SD_TYPE
--------------------------------------------------------

  ALTER TABLE "EFDMS_DB"."T_SD_TYPE" ADD CONSTRAINT "FK1_SD_TYPE" FOREIGN KEY ("DOCUMENT_STATUS_ID")
	  REFERENCES "EFDMS_DB"."R_DOCUMENT_STATUS" ("DOCUMENT_STATUS_ID") ENABLE;
--------------------------------------------------------
--  Ref Constraints for Table T_SHIPPING
--------------------------------------------------------

  ALTER TABLE "EFDMS_DB"."T_SHIPPING" ADD CONSTRAINT "FK1_SHIPPING" FOREIGN KEY ("DEVICE_TYPE_ID")
	  REFERENCES "EFDMS_DB"."R_DEVICE_TYPE" ("DEVICE_TYPE_ID") ENABLE;
  ALTER TABLE "EFDMS_DB"."T_SHIPPING" ADD CONSTRAINT "FK2_SHIPPING" FOREIGN KEY ("STORE_ID")
	  REFERENCES "EFDMS_DB"."R_STORE" ("STORE_ID") ENABLE;
  ALTER TABLE "EFDMS_DB"."T_SHIPPING" ADD CONSTRAINT "FK3_SHIPPING" FOREIGN KEY ("DOCUMENT_STATUS_ID")
	  REFERENCES "EFDMS_DB"."R_DOCUMENT_STATUS" ("DOCUMENT_STATUS_ID") ENABLE;
--------------------------------------------------------
--  Ref Constraints for Table T_TAXPAYER
--------------------------------------------------------

  ALTER TABLE "EFDMS_DB"."T_TAXPAYER" ADD CONSTRAINT "FK1_TAXPAYER" FOREIGN KEY ("OFFICE_ID")
	  REFERENCES "EFDMS_DB"."R_OFFICE" ("OFFICE_ID") ENABLE;
  ALTER TABLE "EFDMS_DB"."T_TAXPAYER" ADD CONSTRAINT "FK2_TAXPAYER" FOREIGN KEY ("REGISTRATION_TYPE_ID")
	  REFERENCES "EFDMS_DB"."R_REGISTRATION_TYPE" ("REGISTRATION_TYPE_ID") ENABLE;
  ALTER TABLE "EFDMS_DB"."T_TAXPAYER" ADD CONSTRAINT "FK3_TAXPAYER" FOREIGN KEY ("DOCUMENT_STATUS_ID")
	  REFERENCES "EFDMS_DB"."R_DOCUMENT_STATUS" ("DOCUMENT_STATUS_ID") ENABLE;
--------------------------------------------------------
--  Ref Constraints for Table T_TAXPAYER_DEVICE
--------------------------------------------------------

  ALTER TABLE "EFDMS_DB"."T_TAXPAYER_DEVICE" ADD CONSTRAINT "FK4_TAXPAYER_DEVICE" FOREIGN KEY ("DOCUMENT_STATUS_ID")
	  REFERENCES "EFDMS_DB"."R_DOCUMENT_STATUS" ("DOCUMENT_STATUS_ID") ENABLE;
--------------------------------------------------------
--  Ref Constraints for Table T_TAX_CATEGORY
--------------------------------------------------------

  ALTER TABLE "EFDMS_DB"."T_TAX_CATEGORY" ADD CONSTRAINT "FK1_TAX_CATEGORY" FOREIGN KEY ("SD_TYPE_ID")
	  REFERENCES "EFDMS_DB"."T_SD_TYPE" ("SD_TYPE_ID") ENABLE;
  ALTER TABLE "EFDMS_DB"."T_TAX_CATEGORY" ADD CONSTRAINT "FK2_TAX_CATEGORY" FOREIGN KEY ("VAT_TYPE_ID")
	  REFERENCES "EFDMS_DB"."T_VAT_TYPE" ("VAT_TYPE_ID") ENABLE;
  ALTER TABLE "EFDMS_DB"."T_TAX_CATEGORY" ADD CONSTRAINT "FK3_TAX_CATEGORY" FOREIGN KEY ("DOCUMENT_STATUS_ID")
	  REFERENCES "EFDMS_DB"."R_DOCUMENT_STATUS" ("DOCUMENT_STATUS_ID") ENABLE;
--------------------------------------------------------
--  Ref Constraints for Table T_VAT_POLICY
--------------------------------------------------------

  ALTER TABLE "EFDMS_DB"."T_VAT_POLICY" ADD CONSTRAINT "FK1_VAT_POLICY" FOREIGN KEY ("VAT_TYPE_ID")
	  REFERENCES "EFDMS_DB"."T_VAT_TYPE" ("VAT_TYPE_ID") ENABLE;
  ALTER TABLE "EFDMS_DB"."T_VAT_POLICY" ADD CONSTRAINT "FK2_VAT_POLICY" FOREIGN KEY ("DOCUMENT_STATUS_ID")
	  REFERENCES "EFDMS_DB"."R_DOCUMENT_STATUS" ("DOCUMENT_STATUS_ID") ENABLE;
--------------------------------------------------------
--  Ref Constraints for Table T_VAT_TYPE
--------------------------------------------------------

  ALTER TABLE "EFDMS_DB"."T_VAT_TYPE" ADD CONSTRAINT "FK1_VAT_TYPE" FOREIGN KEY ("DOCUMENT_STATUS_ID")
	  REFERENCES "EFDMS_DB"."R_DOCUMENT_STATUS" ("DOCUMENT_STATUS_ID") ENABLE;
--------------------------------------------------------
--  Ref Constraints for Table USER_ROLES
--------------------------------------------------------

  ALTER TABLE "EFDMS_DB"."USER_ROLES" ADD CONSTRAINT "FKH8CIRAMU9CC9Q3QCQIV4UE8A6" FOREIGN KEY ("ROLE_ID")
	  REFERENCES "EFDMS_DB"."ROLES" ("ID") ENABLE;
  ALTER TABLE "EFDMS_DB"."USER_ROLES" ADD CONSTRAINT "FKHFH9DX7W3UBF1CO1VDEV94G3F" FOREIGN KEY ("USER_ID")
	  REFERENCES "EFDMS_DB"."USERS" ("ID") ENABLE;
